Biz,GBU,Metric,Total Store + Deals,2014-W48,2014-W49,2014-W50,2014-W51,2014-W52,2015-W01,2015-W02,2015-W03,2015-W04,2015-W05,2015-W06,2015-W07,2015-W08,2015-W09,2015-W10,2015-W11,2015-W12,2015-W13,2015-W14,2015-W15,2015-W16,2015-W17,2015-W18,2015-W19,2015-W20,2015-W21,2015-W22,2015-W23,2015-W24,2015-W25,2015-W26,2015-W27,2015-W28,2015-W29,2015-W30,2015-W31,2015-W32,2015-W33,2015-W34,2015-W35,2015-W36,2015-W37,2015-W38,2015-W39,2015-W40,2015-W41,2015-W42,2015-W43,2015-W44,2015-W45,2015-W46,2015-W47
Traffic Business,PSG Other,Traffic,PSG Other Traffic,0,0,0,0,0,0,0,0,0,0,0,0,0,0,0,0,0,0,0,0,0,0,0,0,0,0,0,0,0,0,0,0,0,0,0,0,0,0,0,0,0,0,0,0,0,0,0,0,0,0,0,0
Traffic Business,PSG Other,Conversion,PSG Other Conversion,0,0,0,0,0,0,0,0,0,0,0,0,0,0,0,0,0,0,0,0,0,0,0,0,0,0,0,0,0,0,0,0,0,0,0,0,0,0,0,0,0,0,0,0,0,0,0,0,0,0,0,0
Traffic Business,PSG Other,AOS,PSG Other AOS,310.2969538,299.3524737,313.3057774,304.5137956,336.3266827,394.2317588,385.4119727,485.6699547,323.0551831,383.0207499,445.9655771,400.6689118,397.8285616,400.5005308,355.8899482,283.0652528,205.7585947,423.3207453,428.9979253,391.3385011,314.6184461,545.0219199,488.6821784,507.1718661,434.2624561,362.9966491,378.7228395,364.1455462,381.7220403,365.5250323,343.9009277,388.8653935,361.4206239,378.2152102,376.0683862,340.2711449,360.3331526,379.972552,360.4855035,428.3255267,346.8987238,374.5060159,397.4741945,331.5810941,302.3815795,390.257328,389.8904995,343.0183667,347.5420318,390.6101144,363.7902673,373.3726108
Traffic Business,PSG Other,RPV/RPC,PSG Other RPV/RPC,0,0,0,0,0,0,0,0,0,0,0,0,0,0,0,0,0,0,0,0,0,0,0,0,0,0,0,0,0,0,0,0,0,0,0,0,0,0,0,0,0,0,0,0,0,0,0,0,0,0,0,0
Traffic Business,PSG Other,Number of Orders,PSG Other Number of Orders,68.2524047,80.73921777,87.87807249,295.7453969,341.069536,136.7997465,154.2121446,93.4531568,147.3977602,96.34848616,113.9324735,110.2037609,105.9056165,31.90076222,35.43330621,43.71947889,89.46912159,27.73770621,30.0305365,25.84623535,43.39172176,22.95128195,21.18195509,23.56641334,26.32273563,32.82694304,38.66459549,40.9092891,42.75995207,55.47515305,77.93464572,41.25379244,61.11678591,41.10926608,48.98307243,98.77133362,63.97343578,57.56652429,52.11714344,62.32156589,76.63909349,63.01095519,57.83437675,79.12430617,96.57501642,40.8568994,38.28720024,36.90961223,43.35643258,39.33678213,38.32369454,33.33226848
Traffic Business,PSG Other,Order $,PSG Other Order $,17525.18922,20000.21366,22783.27606,74523.32317,94923.00985,44627.66319,49182.54806,37558.0002,39403.50402,30537.56778,42045.16978,36538.38173,34864.40026,10572.34684,10435.05267,10240.67975,15233.45468,9716.443786,10660.69527,8369.839275,11296.87468,10351.13955,8565.639464,9890.446348,9459.116029,9860.531029,12117.19827,12327.19261,13506.77585,16779.6493,22178.44838,13274.87441,18278.50554,12866.07149,15243.33855,27811.42786,19075.28975,18100.45453,15546.60824,22089.1783,21999.87979,19527.29594,19022.26572,21710.35483,24165.03165,13194.21991,12352.74593,10476.69024,12468.89945,12714.80083,11536.80872,10298.51425
Traffic Business,PSG Other,LIO,PSG Other LIO,1.380632377,1.380632377,1.380632377,1.380632377,1.380632377,1.380632377,1.380632377,1.380632377,1.380632377,1.380632377,1.380632377,1.380632377,1.380632377,1.54813537,1.54813537,1.54813537,1.54813537,1.54813537,1.54813537,1.54813537,1.54813537,1.54813537,1.54813537,1.54813537,1.54813537,1.54813537,1.54813537,1.54813537,1.54813537,1.54813537,1.54813537,1.54813537,1.54813537,1.54813537,1.54813537,1.54813537,1.54813537,1.54813537,1.54813537,1.54813537,1.54813537,1.54813537,1.54813537,1.54813537,1.54813537,1.54813537,1.54813537,1.54813537,1.54813537,1.54813537,1.54813537,1.54813537
Traffic Business,PSG Other,ASP,PSG Other ASP,271.6015299,262.0218757,274.2351397,266.5395575,294.3852347,345.0692877,337.3493686,425.1047299,282.7687507,335.2563419,390.3516664,350.7036988,348.2175531,312.627312,277.8046702,220.9583317,160.6134111,330.4405776,334.8721361,305.4755095,245.5884863,425.4394806,381.461157,395.8940501,338.9815841,283.3521006,295.6278312,284.2489199,297.9689819,285.325735,268.4461427,303.5450227,282.1218687,295.2315801,293.5557875,265.6127651,281.2729979,296.6033461,281.3919216,334.3472674,270.7861969,292.3362145,310.2649796,258.8293852,236.0364922,304.6315549,304.3452117,267.757223,271.2883576,304.906937,283.9715922,291.4514882
Traffic Business,PSG Other,Units,PSG Other Units,77.97641374,92.24223934,100.398176,337.880629,389.6621573,156.2897847,176.1829498,106.7675498,168.3977112,110.0753805,130.1645815,125.9046343,120.9941277,40.86742173,45.39289242,56.00814077,114.6170834,35.53421481,38.47151336,33.11108973,55.58825773,29.40242343,27.13577456,30.19045582,33.72152459,42.05393326,49.53243182,52.40806344,54.77891035,71.06809734,99.84049947,52.8493997,78.29547918,52.66424991,62.75122408,126.5339592,81.95507559,73.74731077,66.7662191,79.83889845,98.18079369,80.72206116,74.09045115,101.3645494,123.7203016,52.34094805,49.04895839,47.28415824,55.54304949,50.39355653,49.0957105,42.70129545
Traffic Business,PSG Other,PM,PSG Other PM,,,,,,,,,,,,,,,,,,,,,,,,,,,,,,,,,,,,,,,,,,,,,,,,,,,,
Traffic Business,PSG Other,PM%,PSG Other PM%,,,,,,,,,,,,,,,,,,,,,,,,,,,,,,,,,,,,,,,,,,,,,,,,,,,,
Deals,PSG Other,Traffic,PSG Other Traffic,,,,,,,,,,,,,,,,,,,,,,,,,,,,,,,,,,,,,,,,,,,,,,,,,,,,
Deals,PSG Other,Conversion,PSG Other Conversion,,,,,,,,,,,,,,,,,,,,,,,,,,,,,,,,,,,,,,,,,,,,,,,,,,,,
Deals,PSG Other,AOS,PSG Other AOS,,,,,,,,,,,,,,,,,,,,,,,,,,,,,,,,,,,,,,,,,,,,,,,,,,,,
Deals,PSG Other,RPV/RPC,PSG Other RPV/RPC,,,,,,,,,,,,,,,,,,,,,,,,,,,,,,,,,,,,,,,,,,,,,,,,,,,,
Deals,PSG Other,Number of Orders,PSG Other Number of Orders,0.126646463,0.1498165,0.163063076,0.548773463,0.632875143,0.2538402,0.286149957,0.173407982,0.273505455,0.178780441,0.211408592,0.204489741,0.196514274,0.238654376,0.265081866,0.327071963,0.669331886,0.207509931,0.224662937,0.193359554,0.324619963,0.171701974,0.158465376,0.176303864,0.196924324,0.245583273,0.182382831,0.192971163,0.201700832,0.261679071,0.367621622,0.194596202,0.288290936,0.193914464,0.231055602,0.465909321,0.301765896,0.271544174,0.245839172,0.300106881,0.369052334,0.303426607,0.278499011,0.381019771,0.465052933,0.196744682,0.184370404,0.177736686,0.208781079,0.189424621,0.18454614,0.160510138
Deals,PSG Other,Order $,PSG Other Order $,2802.11302,3197.846164,3642.831681,11915.57886,15177.297,7135.543846,7863.827121,6005.171189,6300.249902,4882.670037,6722.627425,5842.14378,5574.489878,6835.784171,6747.013594,6621.337488,9849.526309,6282.381159,6892.907793,5411.704295,7304.243635,6692.757715,5538.303228,6394.886355,6116.000219,6375.543946,4859.161161,4943.371744,5416.400653,6728.86738,8893.859174,5323.405026,7329.929099,5159.469499,6112.785894,11152.76049,7649.450397,7258.528226,6234.401162,9090.408318,9053.659102,8036.111211,7828.275012,8934.510256,9944.68883,5429.846453,5083.552805,4311.495468,5131.353722,5232.550057,4747.768367,4238.170307
Deals,PSG Other,LIO,PSG Other LIO,,,,,,,,,,,,,,,,,,,,,,,,,,,,,,,,,,,,,,,,,,,,,,,,,,,,
Deals,PSG Other,ASP,PSG Other ASP,,,,,,,,,,,,,,,,,,,,,,,,,,,,,,,,,,,,,,,,,,,,,,,,,,,,
Deals,PSG Other,Units,PSG Other Units,11.39818167,13.48348496,14.67567685,49.38961167,56.95876288,22.84561798,25.75349613,15.60671839,24.61549094,16.09023967,19.02677331,18.40407665,17.68628465,21.4788938,23.8573679,29.4364767,60.23986973,18.67589375,20.21966433,17.40235987,29.21579668,15.4531777,14.2618838,15.8673478,17.72318915,22.10249455,16.41445476,17.36740464,18.15307492,23.55111642,33.08594594,17.51365819,25.94618422,17.45230177,20.79500422,41.93183885,27.15893065,24.43897567,22.12552549,27.00961932,33.21471004,27.30839459,25.06491095,34.29177938,41.85476394,17.70702138,16.59333632,15.99630178,18.7902971,17.0482159,16.60915263,14.44591242
Deals,PSG Other,PM,PSG Other PM,,,,,,,,,,,,,,,,,,,,,,,,,,,,,,,,,,,,,,,,,,,,,,,,,,,,
Deals,PSG Other,PM%,PSG Other PM%,,,,,,,,,,,,,,,,,,,,,,,,,,,,,,,,,,,,,,,,,,,,,,,,,,,,
Traffic Business,3PP,Traffic,3PP Traffic,6581.607392,6684.515812,7023.340324,10323.4439,16156.95934,11497.82668,8922.407538,7187.592814,7922.326259,7637.159235,6930.611212,7365.909206,6398.517039,10494.6661,11988.0656,11514.94252,13437.82486,11603.57672,10668.51679,10027.89577,10716.12723,10824.22518,10556.56933,11490.67808,10727.8304,10532.02298,9570.126478,11531.5174,9255.490041,9923.31379,9962.443384,10137.99159,12518.30407,11230.41274,10654.08333,13085.13075,12455.54676,11349.76434,12908.81691,11144.0301,13742.7847,12176.40237,11413.75845,11577.31848,11197.76377,10342.40506,9802.651459,10323.0072,10105.54895,9763.880957,12601.71598,10391.67409
Traffic Business,3PP,Conversion,3PP Conversion,0.014498495,0.015791802,0.017421314,0.042649388,0.035387481,0.021822913,0.033291265,0.029047028,0.030647675,0.02310579,0.030156945,0.026400847,0.02968678,0.048215591,0.040102464,0.041583511,0.056368566,0.039122429,0.045651229,0.037676976,0.052044738,0.042446764,0.037466597,0.038538729,0.041135046,0.043886892,0.035510878,0.031181793,0.040607234,0.04913686,0.06875912,0.035766592,0.042912185,0.032174338,0.040410623,0.066346568,0.045144255,0.044580894,0.035486223,0.057999793,0.046398114,0.041158751,0.042095988,0.044180633,0.054782829,0.040187146,0.042468416,0.032636622,0.043262057,0.04691848,0.030942031,0.03193111
Traffic Business,3PP,AOS,3PP AOS,89.94214557,92.78727024,91.1899503,82.89154367,81.30507113,87.10259297,81.08753371,88.09935158,79.47673258,84.7495092,98.51733184,92.01539843,89.88664965,92.53605557,96.13248692,94.7199711,89.06932193,94.79498272,96.94484354,98.1130932,89.70968366,99.77976118,95.91542181,98.91645708,94.93412845,94.4820655,97.94019916,94.17041593,98.71581208,94.52716004,88.9350254,100.5631299,93.46573324,97.80892291,97.25374019,87.99633987,93.18450606,98.26338296,93.22390499,96.33706955,97.25855834,109.8357006,111.6028942,119.6491449,111.0437711,89.48651604,83.64432531,87.65874879,80.39770306,78.23944141,83.40455748,87.48984185
Traffic Business,3PP,RPV/RPC,3PP RPV/RPC,1.079079415,1.212515627,1.314604527,2.9254338,2.380863695,1.572936003,2.233837787,2.117588932,2.015602018,1.620411297,2.45848316,2.010229359,2.208134546,3.692034294,3.190130758,3.259342201,4.154630241,3.06886945,3.662220031,3.058935057,3.863522087,3.504727812,2.973719057,3.15451926,3.231480974,3.431242841,2.877992354,2.429868787,3.317090908,3.843538664,5.060231574,2.976347215,3.318946772,2.604086114,3.252139043,4.831147745,3.481075529,3.624997705,2.737501167,4.623673133,3.734181346,3.740872937,3.887616413,4.374302182,5.033915338,2.97585671,2.939475115,2.367378579,2.878180677,3.037644356,2.135530829,2.311739517
Traffic Business,3PP,Number of Orders,3PP Number of Orders,78.96272664,87.35120518,101.24926,364.3381507,473.1256904,207.6326884,245.7987091,172.7636664,200.9173789,146.022546,172.952217,160.9205328,157.1844826,418.7196754,397.820737,396.2325756,626.8060915,375.6513382,403.0173703,312.6461608,461.5108711,380.1969716,327.2911779,366.4462555,365.1666729,382.4845303,281.2200819,297.5464631,311.0069321,403.4886926,566.8438317,300.052147,444.5221093,299.0009602,356.2696951,718.3957878,465.2994458,418.6999107,379.064805,534.8548885,527.6455991,414.7137395,397.5910749,423.2599365,507.6250043,343.9346714,344.490196,278.790953,361.7714761,379.082434,322.660461,274.5786611
Traffic Business,3PP,Order $,3PP Order $,5876.958532,6706.941926,7640.22385,24990.91305,31831.81566,14965.59739,16493.04848,12594.83176,13213.70949,10240.57528,14099.57497,12252.90932,11691.55049,32062.81126,31646.43851,31056.96272,46198.57724,29467.1096,32330.74598,25383.25509,34260.0906,31391.95476,25977.05935,29994.80807,28686.71037,29904.08373,22791.58664,23186.57103,25405.28307,31561.32484,41716.08127,24969.09299,34380.56664,24200.16382,28671.63379,52311.31436,35879.26098,34045.66539,29242.06247,42637.98255,42465.61268,37692.86896,36718.02648,41906.75259,46644.931,25468.34973,23844.08138,20222.79551,24068.28855,24542.94353,22269.10582,19878.8685
Traffic Business,3PP,LIO,3PP LIO,1.383003956,1.383003956,1.383003956,1.383003956,1.383003956,1.383003956,1.383003956,1.383003956,1.383003956,1.383003956,1.383003956,1.383003956,1.383003956,1.42511773,1.42511773,1.42511773,1.42511773,1.42511773,1.42511773,1.42511773,1.42511773,1.42511773,1.42511773,1.42511773,1.42511773,1.42511773,1.42511773,1.42511773,1.42511773,1.42511773,1.42511773,1.42511773,1.42511773,1.42511773,1.42511773,1.42511773,1.42511773,1.42511773,1.42511773,1.42511773,1.42511773,1.42511773,1.42511773,1.42511773,1.42511773,1.42511773,1.42511773,1.42511773,1.42511773,1.42511773,1.42511773,1.42511773
Traffic Business,3PP,ASP,3PP ASP,78.59095655,81.07701098,79.68128152,72.43017904,71.04392798,76.10977097,70.85384497,76.9807332,69.44633572,74.0536592,86.08390757,80.4025536,78.54246452,78.46807415,81.51775073,80.31997549,75.52837772,80.38358332,82.20660719,83.19725133,76.07138716,84.61054073,81.33368539,83.87848219,80.50157514,80.11823797,83.05064186,79.85396756,83.70834064,80.15647693,75.41449789,85.27481619,79.25641568,82.93932314,82.4685432,74.61851793,79.01794264,83.32469298,79.05135186,81.69123127,82.47262886,93.13770555,94.63623803,101.4592411,94.16211674,75.88214705,70.92812721,74.33224982,68.17507928,66.34493173,70.72481057,74.1890213
Traffic Business,3PP,Units,3PP Units,90.36761183,99.96767004,115.8730734,416.9608874,541.4610229,237.6218627,281.300346,197.716576,229.9366356,167.1131344,197.9323597,184.1628939,179.8872317,493.78894,469.1431799,467.2702883,739.1816855,442.9991876,475.2714805,368.6982613,544.2518639,448.3597753,385.9688791,432.1437913,430.6348015,451.0574541,331.6380249,350.8914465,366.765147,475.8273029,668.4692198,353.8463567,524.2173082,352.60671,420.142748,847.1918453,548.7196651,493.7656318,447.0246306,630.7452072,622.2434157,489.0648083,468.8723433,499.1431921,598.6334712,405.5962659,406.2513865,328.7733948,426.6309041,447.0454202,380.507954,323.8059111
Traffic Business,3PP,PM,3PP PM,,,,,,,,,,,,,,,,,,,,,,,,,,,,,,,,,,,,,,,,,,,,,,,,,,,,
Traffic Business,3PP,PM%,3PP PM%,,,,,,,,,,,,,,,,,,,,,,,,,,,,,,,,,,,,,,,,,,,,,,,,,,,,
Deals,3PP,Traffic,3PP Traffic,,,,,,,,,,,,,,,,,,,,,,,,,,,,,,,,,,,,,,,,,,,,,,,,,,,,
Deals,3PP,Conversion,3PP Conversion,,,,,,,,,,,,,,,,,,,,,,,,,,,,,,,,,,,,,,,,,,,,,,,,,,,,
Deals,3PP,AOS,3PP AOS,,,,,,,,,,,,,,,,,,,,,,,,,,,,,,,,,,,,,,,,,,,,,,,,,,,,
Deals,3PP,RPV/RPC,3PP RPV/RPC,,,,,,,,,,,,,,,,,,,,,,,,,,,,,,,,,,,,,,,,,,,,,,,,,,,,
Deals,3PP,Number of Orders,3PP Number of Orders,0.701193279,0.775683422,0.899098899,3.235342464,4.201381696,1.843789492,2.182705818,1.534150693,1.784157181,1.296688098,1.535825032,1.428983027,1.395806698,1.832187499,1.740740222,1.73379092,2.742709149,1.643733806,1.763479079,1.368042681,2.019428506,1.663624088,1.432124736,1.603455217,1.597856161,1.673633736,1.224094376,1.295159824,1.353750535,1.756305012,2.46735703,1.306066562,1.93491521,1.301490957,1.550770225,3.12703217,2.02535477,1.82251638,1.649992748,2.38751958,2.355338291,1.851225808,1.774792558,1.889374871,2.265969075,1.535277661,1.537757447,1.24448495,1.614898734,1.692172499,1.440312475,1.225681851
Deals,3PP,Order $,3PP Order $,116.4525913,132.8988052,151.391891,495.19774,630.7509912,296.5449877,326.8116022,249.5680014,261.831133,202.9181457,279.3846566,242.7927699,231.6693819,284.0873207,280.3981177,275.1751634,409.3349745,261.0885286,286.4613127,224.9042004,303.5559567,278.1433058,230.1655064,265.764115,254.1739283,264.9602668,201.9411439,205.4408388,225.0993757,279.6439819,369.6185485,221.2345845,304.623415,214.4216127,254.0403446,463.4958868,317.9023523,301.656077,259.0945352,377.7869047,376.2596496,333.9715306,325.3340975,371.3079607,413.2898193,225.6581677,211.2666023,179.1807882,213.2531534,217.4587566,197.3117876,176.1334789
Deals,3PP,LIO,3PP LIO,,,,,,,,,,,,,,,,,,,,,,,,,,,,,,,,,,,,,,,,,,,,,,,,,,,,
Deals,3PP,ASP,3PP ASP,,,,,,,,,,,,,,,,,,,,,,,,,,,,,,,,,,,,,,,,,,,,,,,,,,,,
Deals,3PP,Units,3PP Units,2.419116813,2.676107805,3.101891203,11.1619315,14.49476685,6.361073747,7.530335072,5.29281989,6.155342274,4.473573939,5.298596361,4.929991442,4.81553311,6.32104687,6.005553767,5.981578675,9.462346565,5.670881629,6.084002822,4.719747249,6.967028344,5.739503105,4.940830338,5.5319205,5.512603754,5.77403639,4.223125596,4.468301394,4.670439345,6.05925229,8.512381753,4.505929639,6.675457473,4.490143803,5.350157278,10.78826099,6.987473958,6.287681511,5.69247498,8.23694255,8.125917104,6.386729036,6.123034326,6.518343304,7.817593309,5.29670793,5.305263193,4.293473076,5.571400633,5.837995123,4.969078039,4.228602384
Deals,3PP,PM,3PP PM,,,,,,,,,,,,,,,,,,,,,,,,,,,,,,,,,,,,,,,,,,,,,,,,,,,,
Deals,3PP,PM%,3PP PM%,,,,,,,,,,,,,,,,,,,,,,,,,,,,,,,,,,,,,,,,,,,,,,,,,,,,
Traffic Business,NB Accy,Traffic,NB Accy Traffic,5952.553488,6291.523013,6864.592762,12037.07429,12155.55891,7603.927365,7714.317686,7388.557342,7371.858698,6716.80909,7114.153712,6771.335651,6093.398042,11287.88339,12894.15835,12385.27526,14453.49462,12480.60869,11474.87422,10785.8332,11526.0832,11642.3515,11354.46544,12359.17684,11538.67092,11328.06381,33172.8698,39971.62692,32082.24748,34397.12078,34532.75545,35141.25709,43392.11942,38927.90973,36930.18268,45356.90721,43174.58415,39341.61742,44745.75167,27039.25895,25840.65078,25073.73351,25413.06066,26996.62645,24287.18242,24692.25957,21653.43079,21619.0501,21356.36781,23605.81445,21481.30445,22427.63639
Traffic Business,NB Accy,Conversion,NB Accy Conversion,0.104338267,0.110993349,0.117763987,0.26082601,0.353731919,0.241773736,0.238759722,0.194257303,0.205460142,0.167927769,0.23306523,0.203949126,0.212327028,0.1445413,0.120219667,0.124659568,0.168982389,0.117281706,0.136853823,0.112948509,0.156020364,0.127247438,0.112317831,0.115531881,0.123315154,0.131564673,0.030699658,0.026957103,0.03510553,0.042479513,0.059443236,0.030920727,0.037098193,0.027815172,0.034935558,0.057357551,0.03902785,0.038540817,0.030678344,0.072364529,0.075802721,0.067321881,0.065333951,0.07277523,0.090801241,0.046073434,0.047684426,0.041255361,0.049353759,0.047798715,0.046595152,0.040067772
Traffic Business,NB Accy,AOS,NB Accy AOS,62.33583596,63.27088164,62.26025397,52.43754729,48.76905208,53.62645174,58.98946211,57.80793465,57.471463,59.80960276,56.01926085,58.44873469,59.53047733,61.76343933,64.16388711,63.22109963,59.44955863,63.27116633,64.70609672,65.4858481,59.87696979,66.59827013,64.01900642,66.02205549,63.36403953,63.06230889,65.37044951,62.85429755,65.88813444,63.09240737,59.35992205,67.12113166,62.38395519,65.28282882,64.91227062,58.73339387,62.19624935,65.58615941,62.22254627,62.5295409,62.20972315,64.07565673,63.45890163,61.20685167,60.69384558,64.23896146,66.26534179,65.06288456,65.52494965,62.41666486,63.84259246,63.47783167
Traffic Business,NB Accy,RPV/RPC,NB Accy RPV/RPC,5.382061443,5.811230316,6.067232487,11.31776089,14.27531862,10.72890573,11.65474424,9.292488965,9.771181583,8.311141601,10.80393862,9.864253146,10.45952332,7.387384009,6.383126231,6.521611269,8.312991311,6.140494722,7.327728709,6.120617016,7.73051359,7.012602846,5.950108493,6.311871255,6.465863795,6.865566913,1.660665866,1.402088559,1.914035539,2.217807652,2.919866635,1.717418818,1.915106414,1.502615848,1.876556862,2.787680149,2.008658328,2.091704638,1.579599313,3.744365436,3.902207082,3.569575352,3.430826239,3.68596219,4.560407859,2.449155368,2.614750438,2.221165645,2.676049748,2.468789287,2.461605728,2.104672467
Traffic Business,NB Accy,Number of Orders,NB Accy Number of Orders,513.9420708,577.856485,668.9513382,2597.999633,3558.085899,1521.298114,1524.143405,1187.693143,1253.348465,933.3677015,1372.04381,1142.782121,1070.611925,1350.117969,1282.731519,1277.610658,2021.070938,1211.248602,1299.487522,1008.094972,1488.093721,1225.905524,1055.316304,1181.567772,1177.441892,1233.281519,842.7210304,891.6456471,931.9820991,1209.118511,1698.638357,899.1543306,1332.081718,896.0042808,1067.61922,2152.788074,1394.344336,1254.701363,1135.928419,1619.152567,1620.897271,1396.82659,1373.925376,1625.774593,1824.887787,941.4096787,854.4182543,738.047378,872.1975829,933.6894554,828.2637035,743.6112349
Traffic Business,NB Accy,Order $,NB Accy Order $,26510.57848,30254.5797,34464.55388,112732.3867,143591.2543,67508.83843,74399.07118,56814.46856,59606.18586,46194.57041,63602.26753,55272.07863,52739.82539,69003.39134,68107.30236,66838.67285,99425.42091,63417.09961,69580.02214,54628.10702,73732.2258,67559.61983,55906.05195,64552.77621,61737.57773,64357.52548,45586.11165,46376.13134,50813.84147,63126.71868,83437.54073,49941.40507,68765.56574,48403.4476,57346.96402,104629.3729,71763.14764,68095.72006,58487.89493,83779.9813,83441.2893,74063.25694,72147.77502,82343.17711,91653.29158,50043.1244,46851.5763,39736.05992,47292.12416,48224.78051,43756.8843,39060.27284
Traffic Business,NB Accy,LIO,NB Accy LIO,1.553863963,1.553863963,1.553863963,1.553863963,1.553863963,1.553863963,1.553863963,1.553863963,1.553863963,1.553863963,1.553863963,1.553863963,1.553863963,1.542564159,1.542564159,1.542564159,1.542564159,1.542564159,1.542564159,1.542564159,1.542564159,1.542564159,1.542564159,1.542564159,1.542564159,1.542564159,1.542564159,1.542564159,1.542564159,1.542564159,1.542564159,1.542564159,1.542564159,1.542564159,1.542564159,1.542564159,1.542564159,1.542564159,1.542564159,1.542564159,1.542564159,1.542564159,1.542564159,1.542564159,1.542564159,1.542564159,1.542564159,1.542564159,1.542564159,1.542564159,1.542564159,1.542564159
Traffic Business,NB Accy,ASP,NB Accy ASP,48.47943467,49.20663252,48.42065352,40.7813998,37.92836075,41.7060271,45.87691382,44.95802371,44.69634509,46.51474845,43.56694756,45.45638269,46.29766878,48.38614126,50.26667782,49.52808798,46.57342229,49.56731078,50.69145064,51.30231624,46.90826078,52.1737996,50.15317673,51.72238687,49.64006863,49.40368962,51.21191175,49.2407313,51.61747168,49.42726908,46.50320003,52.58341493,48.87226004,51.14326876,50.85296949,46.01237113,48.72520928,51.3809012,48.74581057,48.98631345,48.73576479,50.19755719,49.71438462,47.95010451,47.54821004,50.32549187,51.91297996,50.97096206,51.33294882,48.89788515,50.01497214,49.72921462
Traffic Business,NB Accy,Units,NB Accy Units,660.8370918,743.0195361,860.1511377,3340.560385,4575.058692,1956.115832,1959.774365,1527.159824,1611.580763,1200.143037,1764.201634,1469.412325,1376.61443,1723.38457,1637.367814,1630.831191,2579.835651,1546.122043,1658.756343,1286.802606,1899.506426,1564.831158,1347.079201,1508.235365,1502.968804,1574.246391,1075.707793,1138.15858,1189.646836,1543.403046,2168.260257,1147.743186,1700.361844,1143.722244,1362.7835,2747.968574,1779.838184,1601.588172,1449.978117,2066.799061,2069.026123,1783.006706,1753.774003,2075.251876,2329.41382,1201.680855,1090.638944,942.0950559,1113.333717,1191.826224,1057.253455,949.1971502
Traffic Business,NB Accy,PM,NB Accy PM,,,,,,,,,,,,,,,,,,,,,,,,,,,,,,,,,,,,,,,,,,,,,,,,,,,,
Traffic Business,NB Accy,PM%,NB Accy PM%,,,,,,,,,,,,,,,,,,,,,,,,,,,,,,,,,,,,,,,,,,,,,,,,,,,,
Deals,NB Accy,Traffic,NB Accy Traffic,,,,,,,,,,,,,,,,,,,,,,,,,,,,,,,,,,,,,,,,,,,,,,,,,,,,
Deals,NB Accy,Conversion,NB Accy Conversion,,,,,,,,,,,,,,,,,,,,,,,,,,,,,,,,,,,,,,,,,,,,,,,,,,,,
Deals,NB Accy,AOS,NB Accy AOS,,,,,,,,,,,,,,,,,,,,,,,,,,,,,,,,,,,,,,,,,,,,,,,,,,,,
Deals,NB Accy,RPV/RPC,NB Accy RPV/RPC,,,,,,,,,,,,,,,,,,,,,,,,,,,,,,,,,,,,,,,,,,,,,,,,,,,,
Deals,NB Accy,Number of Orders,NB Accy Number of Orders,0,0,0,0,0,0,0,0,0,0,0,0,0,1.465749999,1.392592178,1.387032736,2.194167319,1.314987045,1.410783263,1.094434145,1.615542804,1.330899271,1.145699788,1.282764174,1.278284929,1.338906989,0,0,0,0,0,0,0,0,0,0,0,0,0,0,0,0,0,0,0,0,0,0,0,0,0,0
Deals,NB Accy,Order $,NB Accy Order $,404.5406729,461.6726126,525.9151107,1720.250488,2191.144289,1030.157488,1135.299644,866.9657419,909.5662153,704.9104044,970.5448005,843.4294972,804.7883401,986.8812243,974.0654283,955.9215861,1421.974764,906.9865074,995.1281539,781.2870077,1054.512653,966.2325146,799.5640783,923.2288671,882.9661139,920.4364061,701.5164312,713.6739015,781.9650203,971.4456619,1284.005231,768.5392544,1058.22086,744.8719048,882.5020622,1610.122504,1104.350106,1047.912726,900.0596418,1312.381004,1307.075524,1160.172275,1130.166991,1289.874022,1435.713364,783.9061886,733.911822,622.4500101,740.8128339,755.4225349,685.4346687,611.8640667
Deals,NB Accy,LIO,NB Accy LIO,,,,,,,,,,,,,,,,,,,,,,,,,,,,,,,,,,,,,,,,,,,,,,,,,,,,
Deals,NB Accy,ASP,NB Accy ASP,,,,,,,,,,,,,,,,,,,,,,,,,,,,,,,,,,,,,,,,,,,,,,,,,,,,
Deals,NB Accy,Units,NB Accy Units,0,0,0,0,0,0,0,0,0,0,0,0,0,40.21651559,38.20924788,38.0567107,60.20246583,36.07995703,38.70836578,30.02853684,44.3264557,36.51654874,31.43513795,35.19584202,35.07294273,36.73626051,0,0,0,0,0,0,0,0,0,0,0,0,0,0,0,0,0,0,0,0,0,0,0,0,0,0
Deals,NB Accy,PM,NB Accy PM,,,,,,,,,,,,,,,,,,,,,,,,,,,,,,,,,,,,,,,,,,,,,,,,,,,,
Deals,NB Accy,PM%,NB Accy PM%,,,,,,,,,,,,,,,,,,,,,,,,,,,,,,,,,,,,,,,,,,,,,,,,,,,,
Traffic Business,Monitor,Traffic,Monitor Traffic,15216.01458,14489.27514,14325.33055,25779.60067,27137.61415,20783.24129,18921.23614,23286.65587,23218.27665,17371.69592,22489.19885,19364.9678,18909.12483,21875.14668,20760.18504,19891.68984,23293.89534,20842.3977,20518.1473,19739.00673,20051.35161,17638.2607,17472.16495,20421.84149,17098.70085,19284.38458,14034.81169,13163.8459,13532.88124,15284.11004,14864.79019,13845.14812,18234.35418,13369.81499,12933.45517,16774.40819,16035.07942,13997.49332,20085.20691,13409.53141,16182.29841,14797.21794,14682.76997,15086.00462,13870.34884,16164.86036,14350.51799,15894.18622,13310.33589,16130.09095,15340.14665,15649.12725
Traffic Business,Monitor,Conversion,Monitor Conversion,0.014620723,0.019140677,0.021327848,0.060821483,0.132947277,0.066785498,0.058851721,0.040958109,0.047400133,0.045559446,0.054481658,0.05146935,0.052145965,0.039512827,0.042834716,0.048403489,0.089243883,0.035166324,0.036026622,0.034900905,0.048956411,0.061470741,0.049996356,0.041092334,0.055386614,0.054184813,0.05024621,0.052520666,0.049336186,0.101623486,0.145359022,0.045901995,0.042601052,0.034175986,0.041579203,0.054731006,0.039379281,0.042247217,0.03522355,0.082658803,0.062871708,0.062575717,0.092361993,0.084937341,0.132205087,0.051233949,0.051324232,0.033297352,0.031693193,0.026185588,0.023193862,0.021836196
Traffic Business,Monitor,AOS,Monitor AOS,266.6582946,266.1448094,261.835867,225.9157976,207.1246485,230.8175912,252.4268271,250.5375844,247.8858984,248.6363474,246.1294305,249.7202783,246.4274373,266.9967142,274.173213,280.4349029,253.6387146,269.5820292,273.5159848,269.6165659,259.831932,257.5150131,273.7528745,269.6830882,260.7706785,260.5017875,275.98154,267.6013664,282.9193494,264.4198811,255.5151798,272.8760977,246.7490581,272.4644318,280.5184251,250.1130209,252.6088863,284.1753617,269.4803665,254.9313272,251.5621885,259.5976884,254.4130207,262.9112439,262.6431472,252.8123457,272.9712341,269.2261374,278.7923132,289.5164962,279.5838066,281.0525495
Traffic Business,Monitor,RPV/RPC,Monitor RPV/RPC,0,0,0,0,0,0,0,0,0,0,0,0,0,0,0,0,0,0,0,0,0,0,0,0,0,0,11.47494446,11.63016289,11.55035865,22.23593718,30.73448542,10.36488049,8.69847417,7.705451977,9.651721911,11.32757591,8.231588545,9.93463178,7.854662012,0,0,0,0,0,0,0,0,0,0,0,0,0
Traffic Business,Monitor,Number of Orders,Monitor Number of Orders,184.0928823,229.4939328,252.8243714,1297.479304,2985.508798,1148.583821,921.4588003,789.249415,910.7030401,654.9194635,1013.891643,824.7697151,815.9421771,715.2474592,735.8585813,796.7381185,1720.235172,606.5154966,611.6865481,570.0713645,812.3075144,897.2045158,722.8568841,694.4211741,783.6735227,864.6704378,583.5487569,572.1109503,552.4883057,1285.291065,1788.002097,525.8918126,642.8030976,378.1061135,444.997909,759.7100765,522.5238826,489.3455265,585.4323035,917.2124871,841.9042688,766.2194118,1122.195531,1060.327792,1517.409497,685.3257261,609.4769494,437.9406274,349.0778258,349.5154636,294.421702,282.7706707
Traffic Business,Monitor,Order $,Monitor Order $,40621.8166,50542.46923,54779.15387,242557.2646,511702.32,219380.9159,192476.9273,163626.7863,186808.1649,134747.2036,206501.0844,170433.0289,166385.582,158026.3419,166950.0782,184890.632,361052.7134,135300.7133,138445.5142,127187.0943,174654.685,191188.2732,163748.8489,154968.6729,169106.8412,186392.5566,133267.5545,126688.1031,129345.9953,281230.773,378052.3798,118748.7787,131250.4227,85249.28834,103296.7384,157235.8001,109224.9905,115071.9017,130548.2512,193490.8409,175256.9794,164596.7356,236251.7943,230683.5102,329788.9637,143371.4111,137670.6665,97566.27025,80532.33734,83734.98667,68115.99092,65764.13883
Traffic Business,Monitor,LIO,Monitor LIO,1.664059773,1.664059773,1.664059773,1.664059773,1.664059773,1.664059773,1.664059773,1.664059773,1.664059773,1.664059773,1.664059773,1.664059773,1.664059773,1.600065937,1.600065937,1.600065937,1.600065937,1.600065937,1.600065937,1.600065937,1.600065937,1.600065937,1.600065937,1.600065937,1.600065937,1.600065937,1.720332653,1.720332653,1.720332653,1.720332653,1.720332653,1.720332653,1.720332653,1.720332653,1.720332653,1.720332653,1.720332653,1.720332653,1.720332653,1.64259512,1.64259512,1.64259512,1.64259512,1.64259512,1.64259512,1.64259512,1.64259512,1.64259512,1.64259512,1.64259512,1.64259512,1.64259512
Traffic Business,Monitor,ASP,Monitor ASP,102.4740652,117.0229663,121.5282115,177.0718622,240.0191855,189.576473,194.6209301,161.1451669,171.5205068,168.6662867,182.5841834,180.0539282,178.8437901,182.6935747,195.3310446,212.3824885,260.8273188,174.0214293,178.7075033,173.3856777,197.8999176,219.7784377,210.7056445,188.1838812,211.2562024,208.7362145,194.1725598,172.6109589,178.3113129,288.242853,289.7811286,191.3525822,144.1428068,156.8734696,180.2999271,152.2272878,135.8265983,171.2983882,182.1334999,231.914401,199.5873213,205.4772255,244.6504036,242.4479109,302.1691431,181.0661008,195.6762286,155.4468845,157.0448688,148.2396687,134.7281975,131.4122893
Traffic Business,Monitor,Units,Monitor Units,479.047005,521.9370259,544.7170469,1655.379166,2576.345965,1398.450697,1195.148544,1227.071501,1316.171725,965.4376487,1366.758982,1143.889083,1124.280242,1045.295226,1032.875813,1052.032013,1672.82415,939.5720918,936.2004699,886.4670121,1066.516012,1051.257052,939.1497333,995.1630584,967.3518405,1079.10453,829.410112,886.9522134,876.6108524,1179.063096,1576.574981,749.94183,1100.37443,656.710581,692.3469944,1248.221557,971.7844496,811.7994772,866.1916222,1008.24354,1061.145963,968.033258,1166.976022,1149.822647,1318.920925,956.8815126,850.2293624,758.4910045,619.6968756,682.6141294,610.9748495,604.7639707
Traffic Business,Monitor,PM,Monitor PM,,,,,,,,,,,,,,,,,,,,,,,,,,,,,,,,,,,,,,,,,,,,,,,,,,,,
Traffic Business,Monitor,PM%,Monitor PM%,,,,,,,,,,,,,,,,,,,,,,,,,,,,,,,,,,,,,,,,,,,,,,,,,,,,
Deals,Monitor,Traffic,Monitor Traffic,,,,,,,,,,,,,,,,,,,,,,,,,,,,,,,,,,,,,,,,,,,,,,,,,,,,
Deals,Monitor,Conversion,Monitor Conversion,,,,,,,,,,,,,,,,,,,,,,,,,,,,,,,,,,,,,,,,,,,,,,,,,,,,
Deals,Monitor,AOS,Monitor AOS,,,,,,,,,,,,,,,,,,,,,,,,,,,,,,,,,,,,,,,,,,,,,,,,,,,,
Deals,Monitor,RPV/RPC,Monitor RPV/RPC,,,,,,,,,,,,,,,,,,,,,,,,,,,,,,,,,,,,,,,,,,,,,,,,,,,,
Deals,Monitor,Number of Orders,Monitor Number of Orders,0.951560194,1.186234299,1.30682732,6.706558357,15.43183688,5.936930477,4.762940881,4.079561997,4.707345286,3.385222091,5.240718253,4.263163358,4.217534577,4.222721569,4.344406769,4.703831094,10.15602932,3.580783178,3.611312346,3.365622088,4.795750642,5.296970736,4.267646556,4.099766077,4.626699536,5.104894063,3.973929872,3.896039137,3.762410178,8.752750303,12.17618041,3.581289753,4.377448159,2.574878554,3.030407421,5.17357724,3.558354365,3.332411872,3.986756705,6.17611539,5.669022156,5.159392799,7.556383264,7.139792456,10.21758456,4.614689424,4.103956303,2.948904302,2.350540319,2.353487184,1.98250943,1.904056383
Deals,Monitor,Order $,Monitor Order $,1181.545943,1470.102877,1593.33315,7055.138739,14883.62291,6381.020171,5598.477655,4759.328404,5433.593272,3919.322793,6006.39112,4957.29809,4839.572077,4653.391172,4916.16784,5444.462135,10631.89522,3984.191099,4076.795842,3745.2699,5143.044884,5629.908354,4821.901456,4563.352197,4979.677896,5488.689208,4538.134423,4314.085627,4404.59432,9576.697466,12873.74504,4043.72934,4469.445421,2902.977633,3517.54398,5354.320482,3719.417612,3918.521354,4445.534509,6563.908911,5945.350404,5583.71639,8014.515058,7825.618728,11187.63404,4863.676639,4670.28677,3309.800649,2731.948057,2840.593501,2310.740693,2230.957367
Deals,Monitor,LIO,Monitor LIO,,,,,,,,,,,,,,,,,,,,,,,,,,,,,,,,,,,,,,,,,,,,,,,,,,,,
Deals,Monitor,ASP,Monitor ASP,,,,,,,,,,,,,,,,,,,,,,,,,,,,,,,,,,,,,,,,,,,,,,,,,,,,
Deals,Monitor,Units,Monitor Units,16.21184474,17.6633231,18.43424152,56.02112058,87.18835594,47.32618165,40.44605734,41.52638979,44.54170766,32.67221192,46.25367485,38.7113415,38.04774175,40.16641243,39.68918528,40.42527955,64.27977768,36.10390558,35.97434796,34.06329496,40.98184026,40.39550098,36.08767607,38.24003864,37.17136749,41.46556544,34.98936086,37.41682265,36.98056366,49.7397651,66.50913719,31.63692477,46.42021776,27.70388638,29.20723835,52.65727276,40.99554165,34.24644147,36.54101971,45.02693613,47.38949431,43.23119359,52.11573663,51.34968769,58.9014121,42.73317014,37.97021421,33.87329018,27.67491238,30.48472078,27.28539725,27.00802692
Deals,Monitor,PM,Monitor PM,,,,,,,,,,,,,,,,,,,,,,,,,,,,,,,,,,,,,,,,,,,,,,,,,,,,
Deals,Monitor,PM%,Monitor PM%,,,,,,,,,,,,,,,,,,,,,,,,,,,,,,,,,,,,,,,,,,,,,,,,,,,,
Traffic Business,DT Accy,Traffic,DT Accy Traffic,349.9551756,333.2407969,329.4702132,592.9085196,624.1416551,477.996575,435.1720669,535.5729452,534.0002823,399.5339821,517.2321234,445.3775114,434.8935172,351.0100003,333.1192546,319.1833251,373.7753319,334.4384443,329.2355015,316.7333622,321.7452681,283.0246573,280.3594744,327.6901725,274.3668455,309.4384661,246.7005201,231.3908944,237.8777083,268.6603838,261.2896811,243.3666598,320.5190607,235.0113692,227.3411419,294.8564838,281.8607416,246.0445468,353.0529016,256.2487925,309.2348494,282.7667212,280.5796831,288.2852763,265.0547608,308.9016178,274.23053,303.7291835,254.3532204,308.2371936,293.1417911,299.046241
Traffic Business,DT Accy,Conversion,DT Accy Conversion,0.416903404,0.477012407,0.503529063,0.850314387,1.257160556,0.891029551,0.83643194,0.697783944,0.750655728,0.735936325,0.804778156,0.782213602,0.787338299,0.901382303,0.938507876,0.997650239,1.354656558,0.850361254,0.860699886,0.847146104,1.003332226,1.12427926,1.013932753,0.919221935,1.067191561,1.055549893,0.946486138,1.079118043,1.037452196,1.23551611,1.698663553,0.867523991,0.966499482,0.786683675,0.85735517,1.191779727,0.970622494,0.928859485,0.690699578,1.160113611,1.011774191,1.009389735,1.226316619,1.17599452,1.467168692,0.913345057,0.91414944,0.736310194,0.718354749,0.652960836,0.614529163,0.596272065
Traffic Business,DT Accy,AOS,DT Accy AOS,38.7280434,38.65346751,38.02765947,32.81081815,30.08169083,33.52272879,36.66114016,36.38675652,36.00163964,36.1106309,35.74653952,36.2680553,35.78982045,40.91553932,42.01529188,42.97485582,38.8685113,41.31172232,41.91457586,41.31701484,39.81758226,39.46252924,41.95087768,41.32720896,39.96143915,39.92023334,42.22657866,40.94436949,43.28809876,40.45758607,39.0951215,41.7514302,37.75386031,41.68844322,42.92074514,38.26856372,38.65044381,43.48027504,41.23186606,39.0665959,38.55029694,39.78168592,38.98716875,40.28946712,40.24838301,38.74187555,41.8310963,41.25718418,42.72313945,44.36655192,42.84443074,43.0695062
Traffic Business,DT Accy,RPV/RPC,DT Accy RPV/RPC,13.3606702,15.25757034,15.84496868,23.08680492,31.29393932,24.71716846,25.37486979,21.0102666,22.36301369,21.99087765,23.80550682,23.47560964,23.31783063,30.51859626,32.62966034,35.47806993,43.57068194,29.06993172,29.85273102,28.96373068,33.05878544,36.71354846,35.1979565,31.43574098,35.28992609,34.86896716,33.07252848,36.56203738,37.16240844,41.36334246,54.95373084,29.9723018,30.19466646,27.13832643,30.45055908,37.74030475,31.04360034,33.42023884,23.56619287,37.50363289,32.27591559,33.22839117,39.56321335,39.20704108,48.86475599,29.28078871,31.64344004,25.13782182,25.39623708,23.97231949,21.78733549,21.25110919
Traffic Business,DT Accy,Number of Orders,DT Accy Number of Orders,120.7299744,131.5391665,137.2802135,417.1905517,649.2936583,352.4391449,301.2027036,309.2479638,331.7031042,243.310701,344.4521626,288.2842356,283.3423932,261.8157468,258.7050486,263.503114,418.9933075,235.3352074,234.4907151,222.033945,267.1309301,263.309009,235.229419,249.2591114,242.2932184,270.2839841,193.2197738,206.6248091,204.2156807,274.6750991,367.2796567,174.7068051,256.3437501,152.987609,161.2894848,290.7862871,226.3873671,189.117192,201.7884119,245.9968784,258.9043065,236.1861496,284.725314,280.5401381,321.7976784,233.4652847,207.4436986,185.0608627,151.1970976,166.5479999,149.0690491,147.5536842
Traffic Business,DT Accy,Order $,DT Accy Order $,3869.081796,4207.37083,4319.910891,11327.10093,16162.57863,9776.665327,9137.598669,9311.452666,9881.868326,7270.487507,10188.96729,8651.918303,8391.475363,8864.439697,8994.55197,9370.60058,13476.34869,8045.026012,8133.134856,7591.289569,8801.69487,8598.404693,8165.822467,8524.214412,8012.16022,8928.543721,6751.569003,7000.739207,7315.177095,9195.736176,11881.92174,6035.988796,8008.503032,5277.632933,5728.495209,9208.382087,7240.589403,6804.411028,6884.881334,7952.476838,8259.12898,7775.079832,9185.758533,9353.061203,10717.62581,7484.627655,7180.699293,6318.026058,5345.321847,6114.519655,5285.050049,5258.806569
Traffic Business,DT Accy,LIO,DT Accy LIO,1.38738218,1.38738218,1.38738218,1.38738218,1.38738218,1.38738218,1.38738218,1.38738218,1.38738218,1.38738218,1.38738218,1.38738218,1.38738218,1.459427375,1.459427375,1.459427375,1.459427375,1.459427375,1.459427375,1.459427375,1.459427375,1.459427375,1.459427375,1.459427375,1.459427375,1.459427375,1.459427375,1.459427375,1.459427375,1.459427375,1.459427375,1.459427375,1.459427375,1.459427375,1.459427375,1.459427375,1.459427375,1.459427375,1.459427375,1.459427375,1.459427375,1.459427375,1.459427375,1.459427375,1.459427375,1.459427375,1.459427375,1.459427375,1.459427375,1.459427375,1.459427375,1.459427375
Traffic Business,DT Accy,ASP,DT Accy ASP,33.73356172,33.66860335,33.12350134,28.57943913,26.20226804,29.19953969,31.93321236,31.69421404,31.35876295,31.45369838,31.13656129,31.59082087,31.17426059,33.87962116,34.79025807,35.58481346,32.18460418,34.20767574,34.70686138,34.21205814,32.970471,32.67647361,34.73692066,34.22049927,33.08958997,33.05546999,34.96521155,33.90349364,35.84419052,33.50041847,32.37224604,34.57177057,31.26163081,34.51961495,35.54000777,31.68782479,32.00403602,36.00331978,34.14155172,32.34862576,31.9211106,32.94074746,32.28285706,33.36120959,33.32719038,32.07974497,34.63773713,34.16251608,35.37638275,36.73719071,35.47681655,35.66318758
Traffic Business,DT Accy,Units,DT Accy Units,138.6048626,151.0144287,157.6054764,478.9584311,745.4259704,404.6201411,345.7977985,355.0342138,380.8139894,279.3344938,395.450632,330.966664,325.2931485,316.1880834,312.431374,318.225873,506.0073448,284.2082232,283.1883518,268.1446337,322.6070924,317.9914575,284.0804652,301.0237608,292.6112325,326.414954,233.3465069,249.5354202,246.6259783,331.7179895,443.5541107,210.9888749,309.579695,184.7591655,194.7851254,351.1750532,273.4021487,228.3919253,243.6946288,297.0840466,312.6720125,285.235884,343.8553733,338.8010449,388.6267057,281.949966,250.5243718,223.4932017,182.5968113,201.1356976,180.0268223,178.1967555
Traffic Business,DT Accy,PM,DT Accy PM,,,,,,,,,,,,,,,,,,,,,,,,,,,,,,,,,,,,,,,,,,,,,,,,,,,,
Traffic Business,DT Accy,PM%,DT Accy PM%,,,,,,,,,,,,,,,,,,,,,,,,,,,,,,,,,,,,,,,,,,,,,,,,,,,,
Deals,DT Accy,Traffic,DT Accy Traffic,,,,,,,,,,,,,,,,,,,,,,,,,,,,,,,,,,,,,,,,,,,,,,,,,,,,
Deals,DT Accy,Conversion,DT Accy Conversion,,,,,,,,,,,,,,,,,,,,,,,,,,,,,,,,,,,,,,,,,,,,,,,,,,,,
Deals,DT Accy,AOS,DT Accy AOS,,,,,,,,,,,,,,,,,,,,,,,,,,,,,,,,,,,,,,,,,,,,,,,,,,,,
Deals,DT Accy,RPV/RPC,DT Accy RPV/RPC,,,,,,,,,,,,,,,,,,,,,,,,,,,,,,,,,,,,,,,,,,,,,,,,,,,,
Deals,DT Accy,Number of Orders,DT Accy Number of Orders,0.172834166,0.188308349,0.196527095,0.597240091,0.92951339,0.504543514,0.431194641,0.442712045,0.474858291,0.348317824,0.49310954,0.412700869,0.405626245,0.428213352,0.423125643,0.430973129,0.685285476,0.384903045,0.383521833,0.363148134,0.436906613,0.430655661,0.384730022,0.407676318,0.396283236,0.442063597,0.373020905,0.398900028,0.39424908,0.530274681,0.709052635,0.337280648,0.494885051,0.295350601,0.311377808,0.561378174,0.437052683,0.365100655,0.38956311,0.480031302,0.505218489,0.460886925,0.555604868,0.547438035,0.627946824,0.455577507,0.404799725,0.361122497,0.29504171,0.324997023,0.290889097,0.287932057
Deals,DT Accy,Order $,DT Accy Order $,16.72042465,18.18235713,18.66870446,48.95061612,69.84736755,42.25033344,39.48857588,40.23989436,42.7049733,31.41976442,44.03211637,37.38968462,36.26416782,37.30990871,37.85754366,39.44031029,56.72116418,33.86104439,34.23188937,31.95129421,37.0458194,36.19018292,34.36946961,35.87792037,33.7227142,37.5797188,33.72238878,34.96693126,36.53746941,45.93038896,59.3472101,30.14824565,40.00045806,26.36044888,28.61239253,45.99355211,36.16492265,33.9863214,34.38825033,40.17625173,41.72547142,39.2800345,46.40684339,47.2520636,54.14590211,37.81265773,36.2771987,31.91893677,27.00479366,30.89081375,26.70029797,26.56771479
Deals,DT Accy,LIO,DT Accy LIO,,,,,,,,,,,,,,,,,,,,,,,,,,,,,,,,,,,,,,,,,,,,,,,,,,,,
Deals,DT Accy,ASP,DT Accy ASP,,,,,,,,,,,,,,,,,,,,,,,,,,,,,,,,,,,,,,,,,,,,,,,,,,,,
Deals,DT Accy,Units,DT Accy Units,0.760470329,0.828556734,0.864719218,2.627856402,4.089858914,2.219991463,1.897256421,1.947932996,2.089376479,1.532598427,2.169681976,1.815883823,1.784755476,1.88413875,1.861752828,1.89628177,3.015256096,1.693573396,1.687496066,1.597851789,1.922389095,1.894884907,1.692812097,1.7937758,1.743646236,1.945079829,1.641291981,1.755160124,1.73469595,2.333208597,3.119831595,1.484034851,2.177494223,1.299542645,1.370062353,2.470063968,1.923031804,1.606442884,1.714077683,2.112137729,2.222961354,2.027902471,2.44466142,2.408727354,2.762966026,2.00454103,1.78111879,1.588938985,1.298183523,1.429986902,1.279912025,1.26690105
Deals,DT Accy,PM,DT Accy PM,,,,,,,,,,,,,,,,,,,,,,,,,,,,,,,,,,,,,,,,,,,,,,,,,,,,
Deals,DT Accy,PM%,DT Accy PM%,,,,,,,,,,,,,,,,,,,,,,,,,,,,,,,,,,,,,,,,,,,,,,,,,,,,
Traffic Business,NB,Traffic,NB Category Traffic,424666.2945,448849.0141,489732.8814,858747.3837,867200.2984,542478.3942,550353.8461,527113.4941,525922.1816,479189.718,507537.0262,483079.7448,434714.4083,450404.9044,514497.8875,494192.6246,576717.9406,497996.5835,457866.1426,430372.2853,459909.4639,464548.7582,453061.6364,493151.2551,460411.7348,452008.1683,396903.1892,478248.2282,383854.2285,411550.9759,413173.803,420454.338,519173.3694,465760.4728,441858.2827,542681.4512,516570.6267,470710.3581,535369.1631,527907.9794,504506.642,489533.5341,496158.4755,527075.6327,474177.1,482085.7288,422756.3676,422085.1272,416956.5815,460874.2358,419395.8143,437871.7711
Traffic Business,NB,Conversion,NB Category Conversion,0.005457459,0.005805556,0.006159697,0.013642618,0.018502102,0.012646081,0.012488431,0.010160713,0.010746682,0.008783535,0.012190578,0.010667648,0.011105858,0.010194086,0.00847875,0.008791884,0.011917846,0.008271544,0.00965191,0.007965936,0.011003671,0.008974399,0.007921456,0.008148134,0.008697066,0.009278881,0.007220693,0.006340428,0.008256974,0.009991367,0.013981308,0.00727269,0.008725657,0.00654225,0.008216996,0.013490746,0.009179521,0.009064968,0.00721568,0.010430598,0.010926178,0.009703753,0.009417213,0.010489796,0.013088059,0.006641009,0.006873217,0.005946533,0.007113834,0.00688969,0.006716209,0.005775355
Traffic Business,NB,AOS,NB Category AOS,881.6475826,894.8724115,880.5785879,741.6510277,689.7656253,758.466311,834.3181071,817.6071605,812.84827,845.9177755,792.3090329,826.670323,841.9699619,874.3732365,908.3559181,895.0090554,841.6160686,895.7178402,916.0318762,927.0706678,847.6668469,942.8190145,906.3048698,934.6616536,897.0326283,892.7610853,925.436992,889.8163083,932.7657588,893.1871836,840.3471005,950.2210654,883.1577612,924.1965626,918.9506408,831.4774605,880.5004454,928.4907559,880.8727259,867.9588086,863.5194888,889.4201026,880.8590606,849.5988503,842.4779256,891.6868997,919.8146394,903.123595,909.537419,866.3920012,886.1849887,881.1218244
Traffic Business,NB,RPV/RPC,NB Category RPV/RPC,3.98155493,4.299046556,4.488432485,8.372681572,10.56063106,7.937056823,8.621975962,6.874420821,7.228549248,6.148437203,7.992564845,7.297401962,7.737772426,7.375855093,6.373164582,6.511433496,8.300017871,6.130911729,7.316292892,6.111065044,7.718449178,7.001658821,5.940822621,6.302020808,6.455773023,6.854852356,5.529591033,4.668594979,6.373247,7.384730157,9.722406349,5.718563792,6.37681274,5.003325044,6.248452628,9.282259284,6.688316597,6.964839491,5.259660221,7.491617141,7.807422101,7.141902238,6.864297061,7.374765629,9.124331015,4.900198617,5.231516404,4.44404343,5.354162275,4.939481591,4.925108935,4.210967278
Traffic Business,NB,Number of Orders,NB Category Number of Orders,1917.809578,2156.310535,2496.237137,9694.611246,13277.23805,5676.826746,5687.444143,4431.957246,4676.95452,3482.924671,5119.874221,4264.368732,3995.060767,3799.431603,3609.796169,3595.385309,5687.59247,3408.632672,3656.950039,2836.928317,4187.715772,3449.879416,2969.816127,3325.106427,3313.495589,3470.636556,2371.541591,2509.222697,2622.735437,3402.63828,4780.21951,2530.353242,3748.674927,2521.488536,3004.438351,6058.263967,3923.89114,3530.915166,3196.670538,4556.534743,4561.444598,3930.876571,3866.429168,4575.170104,5135.504075,2649.26604,2404.459308,2076.974455,2454.492968,2627.54019,2330.856535,2092.631971
Traffic Business,NB,Order $,NB Category Order $,1399161.192,1596760.094,1818951.869,5949729.864,7578382.746,3562945.52,3926594.555,2998523.763,3145863.532,2438032.434,3356766.602,2917120.328,2783474.416,2749050.596,2713350.99,2662809.608,3961044.629,2526496.338,2772023.196,2176348.543,2937444.311,2691531.671,2227261.045,2571740.961,2459585.269,2563962.298,1816121.28,1847595.155,2024390.664,2514927.749,3324097.797,1989633.361,2739575.778,1928362.127,2284666.051,4168366.718,2858997.507,2712889.558,2330120.003,3272661.199,3259431.02,2893100.995,2818277.353,3216535.938,3580212.916,1954812.939,1830142.876,1552192.535,1847351.806,1883783.758,1709256.259,1525794.556
Traffic Business,NB,LIO,NB Category LIO,1.290765633,1.290765633,1.290765633,1.290765633,1.290765633,1.290765633,1.290765633,1.290765633,1.290765633,1.290765633,1.290765633,1.290765633,1.290765633,1.30222315,1.30222315,1.30222315,1.30222315,1.30222315,1.30222315,1.30222315,1.30222315,1.30222315,1.30222315,1.30222315,1.30222315,1.30222315,1.30222315,1.30222315,1.30222315,1.30222315,1.30222315,1.30222315,1.30222315,1.30222315,1.30222315,1.30222315,1.30222315,1.30222315,1.30222315,1.30222315,1.30222315,1.30222315,1.30222315,1.30222315,1.30222315,1.30222315,1.30222315,1.30222315,1.30222315,1.30222315,1.30222315,1.30222315
Traffic Business,NB,ASP,NB Category ASP,825.4302503,837.8118118,824.4294189,694.3604287,645.7834445,710.1035031,781.1186891,765.4732984,761.0178536,791.9787168,741.7882794,773.9585579,788.2826314,811.4171784,842.9530609,830.5671904,781.018571,831.2249417,850.0763396,860.3203233,786.633685,874.9347676,841.0496908,867.3647478,832.4450633,828.4810772,858.8042743,825.7483281,865.60536,828.8764958,779.8409704,881.8038609,819.5692054,857.6531575,852.7849492,771.6099564,817.10322,861.6381631,817.4486958,805.4645981,801.3449152,825.3806498,817.4360144,788.4265816,781.8183731,827.4842344,853.5867387,838.0974721,844.0494921,804.0106029,822.3784685,817.6798588
Traffic Business,NB,Units,NB Category Units,2048.425264,2303.169735,2666.247617,10354.87925,14181.50695,6063.456695,6074.797208,4733.803239,4995.486469,3720.135184,5468.57197,4554.800824,4267.151181,4094.221069,3889.872243,3874.343276,6128.880147,3673.100916,3940.684676,3057.039289,4512.631345,3717.547903,3200.237569,3583.094055,3570.582358,3739.915543,2555.54424,2703.907717,2826.227659,3666.641433,5151.106133,2726.677735,4039.526295,2717.125236,3237.546055,6528.311223,4228.337145,3804.871037,3444.69311,4910.066161,4915.356961,4235.86456,4166.416827,4930.147398,5533.956439,2854.816712,2591.01597,2238.122294,2644.93163,2831.405202,2511.702521,2254.994642
Traffic Business,NB,PM,NB Category PM,,,,,,,,,,,,,,,,,,,,,,,,,,,,,,,,,,,,,,,,,,,,,,,,,,,,
Traffic Business,NB,PM%,NB Category PM%,,,,,,,,,,,,,,,,,,,,,,,,,,,,,,,,,,,,,,,,,,,,,,,,,,,,
Deals,NB,Traffic,NB Category Traffic,,,,,,,,,,,,,,,,,,,,,,,,,,,,,,,,,,,,,,,,,,,,,,,,,,,,
Deals,NB,Conversion,NB Category Conversion,,,,,,,,,,,,,,,,,,,,,,,,,,,,,,,,,,,,,,,,,,,,,,,,,,,,
Deals,NB,AOS,NB Category AOS,10692.02464,11842.01919,15540.51779,6860.500652,10753.47042,5236.498992,7112.85479,8235.675868,7438.653047,8677.577982,12590.90516,3089.638808,3089.197754,19181.15342,22606.77203,19709.87295,14440.61202,31759.67355,19927.90184,15840.21563,25516.46856,19315.55267,13497.3652,16378.52075,26760.10228,16983.17849,11512.27933,13567.00349,11833.805,8668.170297,19078.48572,11962.65213,9524.924716,15313.64303,11599.17176,8125.14039,9836.247077,16067.35515,10198.6274,8085.530039,9515.274352,8306.836791,6082.195495,13366.92965,8404.805211,6668.969659,10726.67723,8119.57294,5678.467125,6885.080491,11246.10007,7138.583414
Deals,NB,RPV/RPC,NB Category RPV/RPC,,,,,,,,,,,,,,,,,,,,,,,,,,,,,,,,,,,,,,,,,,,,,,,,,,,,
Deals,NB,Number of Orders,NB Category Number of Orders,30.89141969,36.50804145,39.31635233,54.29401036,93.6103627,32.76362694,30.89141969,7.488829016,20.59427979,25.27479793,36.50804145,28.08310881,34.6358342,30.49320659,43.95318568,26.44409699,31.09602749,32.61734356,29.00720568,28.34523392,29.81593716,30.76805929,42.30277808,60.25565765,45.87772614,39.88366613,30.49320659,43.95318568,26.44409699,31.09602749,32.61734356,29.00720568,28.34523392,29.81593716,30.76805929,42.30277808,60.25565765,45.87772614,39.88366613,30.49320659,43.95318568,26.44409699,31.09602749,32.61734356,29.00720568,28.34523392,29.81593716,30.76805929,42.30277808,60.25565765,45.87772614,39.88366613
Deals,NB,Order $,NB Category Order $,330291.8205,432328.9275,610996.4729,372484.0935,1006636.267,171566.6995,219726.1825,61675.5684,153193.7021,219324.03,459669.2876,86766.66284,106996.9412,584894.8737,993639.6485,521209.7919,449045.6684,1035916.183,578052.7475,448994.6174,760797.4232,594302.0697,570976.0446,986898.5394,1227692.644,677351.4208,351046.3119,596313.0238,312934.2872,269545.6618,622289.5234,347003.1109,269986.2191,456590.6182,356884.0044,343716.0108,592689.5364,737133.7195,406758.6503,246553.7379,418226.6204,219666.7978,189132.1183,435993.7367,243799.9135,189033.505,319825.9343,249823.5016,240214.9346,414865.053,515945.4994,284712.8775
Deals,NB,LIO,NB Category LIO,13.60635697,13.60635697,13.60635697,13.60635697,13.60635697,13.60635697,13.60635697,13.60635697,13.60635697,13.60635697,13.60635697,13.60635697,13.60635697,370.2554498,266.8538004,437.025107,349.475558,354.5931453,407.7672966,422.3188777,367.1000411,395.6725562,276.6388206,200.2923187,252.4724854,289.0332985,14.59646459,14.59646459,14.59646459,14.59646459,14.59646459,14.59646459,14.59646459,14.59646459,14.59646459,14.59646459,14.59646459,14.59646459,14.59646459,14.59646459,14.59646459,14.59646459,14.59646459,14.59646459,14.59646459,14.59646459,14.59646459,14.59646459,14.59646459,14.59646459,14.59646459,14.59646459
Deals,NB,ASP,NB Category ASP,785.8109754,870.3298921,1142.151263,504.2128961,790.3269368,384.8567993,522.7596782,605.2814789,546.7042401,637.7591006,925.3693103,227.0731847,227.0407693,51.80518862,84.71594557,45.10009295,41.32080682,89.5665186,48.87077018,37.50771389,69.50821494,48.81701388,48.79056803,81.77308477,105.9921529,58.75855335,788.7032683,929.4718874,810.7309085,593.8540968,1307.062104,819.5581919,652.5501197,1049.133708,794.6562461,556.6512589,673.8787338,1100.77033,698.7053158,553.937564,651.8889757,569.0992321,416.6896345,915.7648803,575.8110231,456.8893801,734.8818724,556.2698343,389.0303086,471.6950771,770.4673967,489.0624965
Deals,NB,Units,NB Category Units,420.3196836,496.7414442,534.9523245,738.7436862,1273.696011,445.7936038,420.3196836,101.8956809,280.2131224,343.8979229,496.7414442,382.1088032,471.267524,11290.27592,11729.07464,11556.73432,10867.30156,11565.88645,11828.18984,11970.72738,10945.43176,12174.07667,11702.59064,12068.74539,11582.86354,11527.70758,445.0930103,641.5611185,385.9903254,453.8920642,476.0979004,423.4026507,413.7402032,435.2072711,449.104888,617.4710024,879.5195734,669.6526052,582.1605205,445.0930103,641.5611185,385.9903254,453.8920642,476.0979004,423.4026507,413.7402032,435.2072711,449.104888,617.4710024,879.5195734,669.6526052,582.1605205
Deals,NB,PM,NB Category PM,,,,,,,,,,,,,,,,,,,,,,,,,,,,,,,,,,,,,,,,,,,,,,,,,,,,
Deals,NB,PM%,NB Category PM%,,,,,,,,,,,,,,,,,,,,,,,,,,,,,,,,,,,,,,,,,,,,,,,,,,,,
Traffic Business,Ink,Traffic,Ink Traffic,44512.8919,43729.58991,47962.71692,64601.16142,65555.34989,47523.79023,54282.91434,42932.40882,46345.8012,60279.55512,47370.25263,76448.71239,60316.85522,54049.82688,50011.25167,55453.20603,56221.80488,47871.8705,88686.52814,50986.58303,52548.65725,42723.28759,62657.96243,45234.10102,47879.5908,52239.84521,47135.96517,44854.59105,68048.27214,49618.58598,50734.11721,46860.98585,45706.41971,57671.92337,44220.49048,49574.34641,41085.55281,52259.08135,42813.49853,50641.60523,41813.85976,38452.06318,69134.08311,51043.22048,62507.43155,44964.46213,67891.15317,42663.82996,48885.40408,59162.08041,55766.52737,46093.13946
Traffic Business,Ink,Conversion,Ink Conversion,0.347410953,0.341624068,0.358239674,0.346496364,0.369473573,0.349393995,0.349393995,0.354830245,0.357430621,0.36899037,0.346871848,0.387941124,0.321238725,0.364892713,0.405452939,0.414236016,0.417741371,0.411650002,0.47805399,0.390509885,0.405956968,0.402490164,0.436380968,0.390197738,0.357539664,0.383473579,0.448619632,0.421157504,0.475819536,0.413277524,0.446275659,0.373899408,0.382239052,0.437125604,0.39010766,0.453908176,0.418835641,0.472434543,0.414097739,0.454178084,0.440184546,0.444401906,0.45895287,0.438493868,0.478438607,0.41082764,0.460973335,0.443972343,0.449396169,0.452777904,0.503635316,0.444432951
Traffic Business,Ink,AOS,Ink AOS,64.04412635,64.65354083,64.13111136,58.78832781,63.27471372,64.52796154,64.52796154,64.84527101,63.37079568,64.48178609,64.16019929,68.0143764,60.50846234,57.8579841,63.04743893,64.75359893,62.25286596,63.56815368,68.65688597,64.33894001,63.02229427,63.26083727,66.75971209,61.15506021,61.84269381,62.38292385,53.58719964,55.41191816,67.28551628,63.90426436,64.13576603,64.869845,61.57161673,67.86348075,66.82961587,64.46998118,62.01052464,66.72354853,65.88191069,67.30977003,66.71365752,66.59278855,69.06032608,66.57789083,66.54928818,63.82434725,70.31033284,67.17469985,65.46070656,67.47311708,70.00556893,58.71995354
Traffic Business,Ink,RPV/RPC,Ink RPV/RPC,22.24963098,22.08720564,22.97430844,20.36994184,23.37833456,22.5456823,22.5456823,23.00906338,22.65066287,23.79315811,22.25536689,26.38557365,19.43766127,21.11195679,25.56276943,26.82327282,26.00559757,26.16783061,32.82169827,25.1249921,25.58433951,25.46186476,29.13266779,23.86256616,22.11121597,23.92220306,24.0402698,23.33714516,32.01576316,26.41019614,28.62223124,24.25479662,23.53507643,29.66486499,26.07074504,29.26345153,25.97221783,31.52250918,27.28155024,30.5706224,29.36632105,29.59396214,31.69543484,29.19399687,31.83974876,26.22080595,32.41118861,29.82370886,29.41779076,30.55033654,35.25727681,26.09708221
Traffic Business,Ink,Number of Orders,Ink Number of Orders,15464.2662,14939.08041,17182.14808,22384.06755,24220.96936,16604.52695,18966.12432,15233.71713,16565.40851,22242.57534,16431.40707,29657.59943,19376.10964,19722.38797,20277.20899,22970.71512,23486.17385,19706.4556,42396.94862,19910.7647,21332.49358,17195.70302,27342.7423,17650.2439,17118.85281,20032.6004,21146.11937,18890.84762,32378.69729,20506.24635,22641.40158,17521.29485,17470.77856,25209.87432,17250.75205,22502.20113,17208.09385,24688.99523,17728.97293,23000.30724,18405.81488,17088.17016,31729.28583,22382.13918,29905.9685,18472.64386,31296.01128,18941.56053,21968.91332,26787.28277,28085.99261,20485.30997
Traffic Business,Ink,Order $,Ink Order $,990395.4184,965864.4452,1101910.252,1315921.901,1532574.902,1071456.276,1223845.341,987834.5156,1049763.118,1434240.986,1054242.352,2017143.131,1172418.6,1141097.609,1278426.095,1487436.474,1462081.632,1252702.998,2910842.467,1281037.496,1344422.688,1087814.571,1825393.604,1079401.728,1058675.973,1249692.185,1133161.32,1046778.102,2178617.364,1310436.588,1452123.634,1136603.681,1075704.081,1710829.821,1152861.133,1450716.483,1067082.927,1647337.372,1168018.611,1548145.391,1227919.23,1137948.902,2191234.826,1490155.619,1990220.916,1179004.436,2200432.97,1272393.644,1438100.588,1807421.467,1966175.892,1202896.449
Traffic Business,Ink,LIO,Ink LIO,2.765565576,2.765565576,2.765565576,2.765565576,2.765565576,2.765565576,2.765565576,2.765565576,2.765565576,2.765565576,2.765565576,2.765565576,2.765565576,2.617433878,2.617433878,2.617433878,2.617433878,2.617433878,2.617433878,2.617433878,2.617433878,2.617433878,2.617433878,2.617433878,2.617433878,2.617433878,2.617433878,2.617433878,2.617433878,2.617433878,2.617433878,2.617433878,2.617433878,2.617433878,2.617433878,2.617433878,2.617433878,2.617433878,2.617433878,2.617433878,2.617433878,2.617433878,2.617433878,2.617433878,2.617433878,2.617433878,2.617433878,2.617433878,2.617433878,2.617433878,2.617433878,2.617433878
Traffic Business,Ink,ASP,Ink ASP,23.15769581,23.3780538,23.18914869,21.25725324,22.87948414,23.33264563,23.33264563,23.44738146,22.91422638,23.31594906,23.19966659,24.59329729,21.87923616,22.10485032,24.08750015,24.7393447,23.7839307,24.28644109,26.23060951,24.58092277,24.07789355,24.16902975,25.50578743,23.36451008,23.62722296,23.83361978,20.4731818,21.17032206,25.7066728,24.41485338,24.50329942,24.78375693,23.52365699,25.9274862,25.53249442,24.63098752,23.69134333,25.49197101,25.17042025,25.71593903,25.48819211,25.44201369,26.38474525,25.43632196,25.42539422,24.38432076,26.86231482,25.66433499,25.0094977,25.77834636,26.74587867,22.43416884
Traffic Business,Ink,Units,Ink Units,42767.44226,41315.00652,47518.35726,61904.60668,66984.67907,45920.90813,52452.06054,42129.84368,45812.72353,61513.30069,45442.13375,82020.03606,53585.90182,51622.04642,53074.25377,60124.32796,61473.50709,51580.34451,110971.2096,52115.11006,55836.39139,45008.61564,71567.82,46198.34633,44807.4653,52434.00694,55348.56922,49445.54455,84749.09921,53673.7439,59262.37153,45860.83072,45728.60767,65985.17911,45152.70283,58898.02357,45041.04781,64621.81254,46404.41438,60201.78339,48176.00341,44727.15548,83049.30767,58583.76935,78276.8951,48350.92385,81915.24017,49578.28224,57502.17799,70113.94143,73513.22856,53618.94431
Traffic Business,Ink,PM,Ink PM,,,,,,,,,,,,,,,,,,,,,,,,,,,,,,,,,,,,,,,,,,,,,,,,,,,,
Traffic Business,Ink,PM%,Ink PM%,,,,,,,,,,,,,,,,,,,,,,,,,,,,,,,,,,,,,,,,,,,,,,,,,,,,
Deals,Ink,Traffic,Ink Traffic,,,,,,,,,,,,,,,,,,,,,,,,,,,,,,,,,,,,,,,,,,,,,,,,,,,,
Deals,Ink,Conversion,Ink Conversion,,,,,,,,,,,,,,,,,,,,,,,,,,,,,,,,,,,,,,,,,,,,,,,,,,,,
Deals,Ink,AOS,Ink AOS,,,,,,,,,,,,,,,,,,,,,,,,,,,,,,,,,,,,,,,,,,,,,,,,,,,,
Deals,Ink,RPV/RPC,Ink RPV/RPC,,,,,,,,,,,,,,,,,,,,,,,,,,,,,,,,,,,,,,,,,,,,,,,,,,,,
Deals,Ink,Number of Orders,Ink Number of Orders,15.82612213,15.28864726,17.58420157,22.9078433,24.78772766,16.99306439,19.40992194,15.59017833,16.95303061,22.76304024,16.8158936,30.35157211,19.82950071,17.40035477,17.88985344,20.26623719,20.72100791,17.38629822,37.40530551,17.5665528,18.82089314,15.17115136,24.12351979,15.57217646,15.10334918,17.67404406,19.60568061,17.51469944,30.019995,19.01242065,20.99203547,16.24491495,16.19807864,23.37340179,15.99408048,20.86297541,15.95452981,22.89046736,16.43746424,19.01606512,15.21745647,14.12806156,26.23296112,18.5049796,24.72548903,15.27270896,25.87474081,15.66039726,18.16333504,22.14703953,23.22077957,16.93672977
Deals,Ink,Order $,Ink Order $,8991.964384,8769.243606,10004.42607,11947.47335,13914.5019,9727.929366,11111.49498,8968.713522,9530.973584,13021.71195,9571.641291,18313.97728,10644.58306,8933.833912,10009.00038,11645.37574,11446.86867,9807.610178,22789.44669,10029.44544,10525.69815,8516.672562,14291.29563,8450.807087,8288.541865,9784.038044,9341.722405,8629.583697,17960.40712,10803.1704,11971.23097,9370.101049,8868.047947,14103.99118,9504.126627,11959.63049,8796.975607,13580.56277,9629.084084,10833.59057,8592.716335,7963.123208,15333.79299,10427.79054,13927.14061,8250.421062,15398.15964,8903.938775,10063.52056,12647.94913,13758.87867,8417.612264
Deals,Ink,LIO,Ink LIO,,,,,,,,,,,,,,,,,,,,,,,,,,,,,,,,,,,,,,,,,,,,,,,,,,,,
Deals,Ink,ASP,Ink ASP,,,,,,,,,,,,,,,,,,,,,,,,,,,,,,,,,,,,,,,,,,,,,,,,,,,,
Deals,Ink,Units,Ink Units,326.6420302,315.548859,362.9277757,472.8046696,511.6043984,350.7270454,400.6095909,321.7722863,349.9007711,469.8160181,347.0703424,626.4389378,409.2694545,359.1332838,369.2362539,418.2834435,427.6696489,358.8431647,772.0239257,362.5635152,388.4523762,313.1238116,497.895531,321.4007382,311.7244137,364.7820728,404.6499368,361.4932917,619.5953776,392.4053934,433.2635014,335.2856725,334.3189981,482.4135282,330.1085937,430.5997762,329.2922908,472.4460403,339.2597787,392.4806133,314.0795223,291.5950397,541.4331831,381.9321029,510.3198289,315.2199018,534.0397227,323.2215647,374.8807563,457.1021187,479.2634937,349.5643312
Deals,Ink,PM,Ink PM,,,,,,,,,,,,,,,,,,,,,,,,,,,,,,,,,,,,,,,,,,,,,,,,,,,,
Deals,Ink,PM%,Ink PM%,,,,,,,,,,,,,,,,,,,,,,,,,,,,,,,,,,,,,,,,,,,,,,,,,,,,
Traffic Business,DT,Traffic,DT Category Traffic,182266.7589,173561.4279,171597.5991,308803.8747,325070.9934,248954.4164,226650.1762,278941.8523,278122.764,208088.8327,269389.4228,231965.4663,226505.0995,251390.7418,238577.5233,228596.7146,267695.1024,239522.3171,235796.0084,226842.0695,230431.5591,202700.1467,200791.3626,234689.2552,196499.4865,221617.5194,175345.3631,164463.8624,169074.4434,190953.6004,185714.7848,172975.7818,227812.779,167037.1584,161585.4521,209572.7937,200335.9136,174879.1222,250936.5979,180963.4303,218382.2939,199690.4468,198145.9559,203587.6618,187182.2235,218146.9651,193662.1707,214494.1812,179624.7734,217677.7473,207017.3427,211187.0775
Traffic Business,DT,Conversion,DT Category Conversion,0.005913834,0.006766489,0.007142632,0.012061831,0.017833002,0.012639382,0.011864907,0.009898165,0.010648159,0.010439362,0.011415893,0.011095812,0.011168506,0.008400359,0.008746347,0.00929752,0.012624611,0.007924872,0.008021222,0.007894909,0.009350473,0.010477629,0.009449263,0.008566614,0.009945605,0.009837111,0.008888094,0.01013359,0.009742322,0.011602265,0.015951508,0.00814659,0.009076032,0.007387449,0.008051099,0.011191553,0.009114749,0.008722569,0.006486099,0.010964533,0.009562539,0.009540002,0.011590234,0.011114627,0.013866589,0.008632259,0.008639862,0.006959057,0.006789356,0.006171301,0.005808073,0.005635521
Traffic Business,DT,AOS,DT Category AOS,1138.741154,1144.468178,1129.376195,1013.227327,970.6670777,1039.864224,1130.393866,1104.736976,1099.532795,1101.049708,1098.336487,1111.570834,1097.538724,1079.206308,1112.835879,1145.782511,1077.417686,1083.410618,1100.504649,1083.155793,1062.274633,1066.944987,1120.50553,1092.249291,1073.674165,1071.189978,1125.881689,1081.619318,1140.844732,1144.446267,1113.137636,1112.80443,987.6778714,1089.136718,1133.415359,1005.078565,1003.583449,1140.890146,1094.558814,1031.696139,1000.09241,1031.739695,1037.708901,1066.001028,1101.738782,993.0800614,1072.37255,1034.604818,1068.956072,1100.958562,1058.013083,1061.100347
Traffic Business,DT,RPV/RPC,DT Category RPV/RPC,5.572645623,6.408175026,6.675197821,10.11317192,14.32392423,10.87601288,11.09842546,9.048588352,9.688353102,9.511480776,10.37558421,10.20618592,10.14336839,7.501870315,8.054249723,8.815288898,11.25561822,7.104812178,7.304654464,7.076284651,8.219352798,9.250650567,8.761514957,7.742802837,8.836309829,8.719695452,8.280730167,9.069952415,9.19721321,10.98766573,14.69324955,7.501739148,7.417858904,6.658005614,7.551121943,9.308026771,7.569469818,8.234845745,5.874757067,9.360718276,7.913718087,8.144902144,9.952564548,9.804371719,12.6419927,7.093751851,7.66689885,5.957885563,6.005589907,5.622312147,5.084993274,4.948319889
Traffic Business,DT,Number of Orders,DT Category Number of Orders,891.9569234,971.8155819,1014.230621,3082.217179,4797.002376,2603.831709,2225.295236,2284.733877,2450.633174,1797.587264,2544.823627,2129.85318,2093.34269,1747.488622,1726.726274,1758.75095,2796.569903,1570.74432,1565.107759,1481.965074,1782.964801,1757.455398,1570.038236,1663.679387,1617.185549,1804.009853,1289.644952,1379.116831,1363.037109,1833.31834,2451.407255,1166.080183,1710.965792,1021.115457,1076.526309,1940.852429,1511.021981,1262.262279,1346.836308,1641.90562,1728.05622,1576.423933,1900.398478,1872.46453,2147.837892,1558.263525,1384.582507,1235.188318,1009.164693,1111.624256,994.9610377,984.8467386
Traffic Business,DT,Order $,DT Category Order $,840496.9535,920353.8344,947856.5034,2584266.975,3853075.152,2240561.116,2081539.597,2088631.185,2229737.521,1637812.4,2312918.585,1959088.504,1901198.351,1560580.149,1590090.574,1667530.479,2493314.289,1408204.838,1425290.441,1328299.905,1567280.848,1551649.356,1455765.691,1503691.185,1436810.859,1599089.062,1201517.679,1234362.56,1286771.6,1736203.137,2258039.737,1073778.014,1398375.791,920289.5631,1009673.569,1614209.031,1254849.145,1191682.823,1219891.385,1401739.273,1430096.175,1345892.602,1631877.154,1651727.766,1958156.432,1280537.833,1228660.158,1057486.712,892666.3268,1012735.968,871092.6691,864753.5507
Traffic Business,DT,LIO,DT Category LIO,1.319004853,1.319004853,1.319004853,1.319004853,1.319004853,1.319004853,1.319004853,1.319004853,1.319004853,1.319004853,1.319004853,1.319004853,1.319004853,1.343722812,1.343722812,1.343722812,1.343722812,1.343722812,1.343722812,1.343722812,1.343722812,1.343722812,1.343722812,1.343722812,1.343722812,1.343722812,1.312010287,1.312010287,1.312010287,1.312010287,1.312010287,1.312010287,1.312010287,1.312010287,1.312010287,1.312010287,1.312010287,1.312010287,1.312010287,1.317252387,1.317252387,1.317252387,1.317252387,1.317252387,1.317252387,1.317252387,1.317252387,1.317252387,1.317252387,1.317252387,1.317252387,1.317252387
Traffic Business,DT,ASP,DT Category ASP,1043.305211,1048.552262,1034.725113,928.3104826,889.3171344,952.7149866,1035.657494,1012.150865,1007.382837,1008.77262,1006.286789,1018.411989,1005.555886,970.5715092,1000.815869,1030.446035,968.962933,974.3526065,989.7259222,974.1234321,955.3442064,959.5444346,1007.71348,982.3015628,965.5962416,963.3621175,1037.022715,996.2537031,1050.804816,1054.122104,1025.284473,1024.977564,909.7264817,1003.177801,1043.961798,925.7538446,924.3767295,1050.846646,1008.171963,946.4889868,917.4953897,946.5289454,952.0051583,977.9606554,1010.746851,911.062187,983.8059579,949.1574396,980.671644,1010.031069,970.6324302,973.4647185
Traffic Business,DT,Units,DT Category Units,973.5483404,1060.712039,1107.006977,3364.161812,5235.806326,2842.016214,2428.853263,2493.729031,2674.803903,1962.020868,2777.610391,2324.680682,2284.830409,1943.082736,1919.996486,1955.605642,3109.586311,1746.555676,1740.288222,1647.839485,1982.529718,1954.16508,1745.770561,1849.892843,1798.195011,2005.930315,1400.150273,1497.288694,1479.831155,1990.409197,2661.460063,1265.997656,1857.572672,1108.611392,1168.770213,2107.157519,1640.496351,1370.42127,1462.242163,1789.717274,1883.623535,1718.340634,2071.48081,2041.032124,2341.195821,1698.545346,1509.228789,1346.38547,1100.014192,1211.697621,1084.53186,1073.507027
Traffic Business,DT,PM,DT Category PM,,,,,,,,,,,,,,,,,,,,,,,,,,,,,,,,,,,,,,,,,,,,,,,,,,,,
Traffic Business,DT,PM%,DT Category PM%,,,,,,,,,,,,,,,,,,,,,,,,,,,,,,,,,,,,,,,,,,,,,,,,,,,,
Deals,DT,Traffic,DT Category Traffic,,,,,,,,,,,,,,,,,,,,,,,,,,,,,,,,,,,,,,,,,,,,,,,,,,,,
Deals,DT,Conversion,DT Category Conversion,,,,,,,,,,,,,,,,,,,,,,,,,,,,,,,,,,,,,,,,,,,,,,,,,,,,
Deals,DT,AOS,DT Category AOS,5483.10343,6068.839793,7937.741641,3745.067176,5781.328726,3071.47129,3986.364006,5546.075213,4335.063887,4722.451864,6721.607577,1946.462115,1866.169456,4197.25337,4795.60242,4423.413361,3668.90731,6658.711123,4319.776824,3480.030714,5515.516489,4292.772863,2969.052589,3462.539172,5623.691226,3722.723143,4188.476269,4764.60529,4334.608644,3591.706191,7274.243202,4316.892589,3538.206238,5345.514,4137.605676,2998.01538,3431.008065,5571.614262,3663.640993,4338.564067,4848.533063,4435.25892,3478.604178,6924.864108,4873.38874,3569.354233,5479.750353,4122.642116,2857.399334,3397.965126,5492.334096,3538.152853
Deals,DT,RPV/RPC,DT Category RPV/RPC,,,,,,,,,,,,,,,,,,,,,,,,,,,,,,,,,,,,,,,,,,,,,,,,,,,,
Deals,DT,Number of Orders,DT Category Number of Orders,13.71708688,16.21110268,17.45811058,24.10881937,41.56692995,14.54842548,13.71708688,3.325354396,9.144724589,11.22307109,16.21110268,12.47007899,15.37976408,13.54026355,19.5170592,11.74228895,13.80794133,14.48346952,12.88041678,12.58647353,13.2395275,13.66230969,18.78420896,26.75604098,20.37163594,17.71002172,13.54026355,19.5170592,11.74228895,13.80794133,14.48346952,12.88041678,12.58647353,13.2395275,13.66230969,18.78420896,26.75604098,20.37163594,17.71002172,13.54026355,19.5170592,11.74228895,13.80794133,14.48346952,12.88041678,12.58647353,13.2395275,13.66230969,18.78420896,26.75604098,20.37163594,17.71002172
Deals,DT,Order $,DT Category Order $,75212.20615,98382.58504,138577.9713,90289.14809,240312.0862,44685.07118,54681.30142,18442.66559,39642.96532,53000.41297,108964.6706,24272.53632,28701.24598,56831.91683,93596.05633,51940.99782,50660.05689,96441.23959,55640.5259,43801.31449,73022.83224,58649.19228,55771.30424,92643.83998,114563.7903,65929.50771,56713.07257,92991.0835,50898.22717,49594.06836,105356.2797,55603.37576,44533.53917,70772.07962,56529.25011,56315.34734,91800.1924,113502.8973,64883.16154,58745.30092,94629.10682,52080.0918,48032.36241,100296.0582,62771.27811,44925.58259,72549.30551,56324.81332,53673.98616,90916.09418,111887.8306,62660.76387
Deals,DT,LIO,DT Category LIO,7.423389985,7.423389985,7.423389985,7.423389985,7.423389985,7.423389985,7.423389985,7.423389985,7.423389985,7.423389985,7.423389985,7.423389985,7.423389985,72.01085953,51.5154357,88.15969184,70.49783898,67.58356788,77.19383245,77.75127099,72.49114542,70.55674534,53.89416295,36.88251743,47.61757059,54.64721637,3.791517857,3.791517857,3.791517857,3.791517857,3.791517857,3.791517857,3.791517857,3.791517857,3.791517857,3.791517857,3.791517857,3.791517857,3.791517857,3.791517857,3.791517857,3.791517857,3.791517857,3.791517857,3.791517857,3.791517857,3.791517857,3.791517857,3.791517857,3.791517857,3.791517857,3.791517857
Deals,DT,ASP,DT Category ASP,738.6219427,817.5257489,1069.283158,504.4932725,778.7954959,413.7540208,536.9980639,747.1047921,583.9709848,636.1555302,905.4592731,262.2054549,251.3893321,58.28639455,93.09059227,50.17500934,52.0428337,98.5255933,55.96012903,44.75850581,76.08538197,60.84142406,55.09042959,93.8802287,118.1011789,68.12283207,1104.696437,1256.648516,1143.238356,947.3003493,1918.55702,1138.565807,933.1899179,1409.861222,1091.279491,790.7164077,904.9167627,1469.494401,966.27291,1144.281586,1278.784182,1169.784526,917.4700764,1826.409467,1285.339783,941.4050962,1445.265606,1087.332902,753.6294017,896.2017995,1448.584526,933.1758379
Deals,DT,Units,DT Category Units,101.8277441,120.3418794,129.598947,178.9699744,308.5689214,107.9991225,101.8277441,24.68551371,67.88516272,83.31360879,120.3418794,92.57067643,114.1705009,975.0460168,1005.429808,1035.196575,973.4300247,978.8445455,994.288735,978.6143146,959.7485134,963.9681054,1012.359218,986.830148,970.0478123,967.8033885,51.33815105,73.99927847,44.52109823,52.35305613,54.91433332,48.83633024,47.72183916,50.19790495,51.80089115,71.22066369,101.4460072,77.23942143,67.14786359,51.33815105,73.99927847,44.52109823,52.35305613,54.91433332,48.83633024,47.72183916,50.19790495,51.80089115,71.22066369,101.4460072,77.23942143,67.14786359
Deals,DT,PM,DT Category PM,,,,,,,,,,,,,,,,,,,,,,,,,,,,,,,,,,,,,,,,,,,,,,,,,,,,
Deals,DT,PM%,DT Category PM%,,,,,,,,,,,,,,,,,,,,,,,,,,,,,,,,,,,,,,,,,,,,,,,,,,,,
Traffic Business,PSG ESP,Traffic,PSG ESP Traffic,0,0,0,0,0,0,0,0,0,0,0,0,0,0,0,0,0,0,0,0,0,0,0,0,0,0,0,0,0,0,0,0,0,0,0,0,0,0,0,0,0,0,0,0,0,0,0,0,0,0,0,0
Traffic Business,PSG ESP,Conversion,PSG ESP Conversion,0,0,0,0,0,0,0,0,0,0,0,0,0,0,0,0,0,0,0,0,0,0,0,0,0,0,0,0,0,0,0,0,0,0,0,0,0,0,0,0,0,0,0,0,0,0,0,0,0,0,0,0
Traffic Business,PSG ESP,AOS,PSG ESP AOS,181.221354,183.939698,181.0016237,152.4452696,141.780302,155.9016262,171.4928504,168.0579401,167.0797572,173.8771451,162.8579475,169.9208597,173.0656779,143.8755507,149.4673013,147.2711142,138.4854548,147.3877426,150.7303576,152.5467584,139.4810926,155.1381027,149.1298073,153.7958329,147.6040872,146.9012173,159.891839,153.737496,161.1580624,154.319897,145.1904824,164.1738928,152.5870694,159.6775245,158.7711634,143.6580355,152.1279532,160.4194512,152.1922738,149.8842993,149.117691,153.5903634,152.1119916,146.7137922,145.4841085,153.9818074,158.8390731,155.9567641,157.0643415,149.6137336,153.0317046,152.1573672
Traffic Business,PSG ESP,RPV/RPC,PSG ESP RPV/RPC,0,0,0,0,0,0,0,0,0,0,0,0,0,0,0,0,0,0,0,0,0,0,0,0,0,0,0,0,0,0,0,0,0,0,0,0,0,0,0,0,0,0,0,0,0,0,0,0,0,0,0,0
Traffic Business,PSG ESP,Number of Orders,PSG ESP Number of Orders,424.4065886,527.8013671,552.3206414,1401.3387,1921.883337,1246.257322,1126.728829,1024.055858,1138.970594,774.5148185,1257.512469,960.7721688,855.4525479,1065.782802,1112.346944,1034.19239,1359.790517,1036.857201,1049.779308,898.1015264,1243.890084,1175.086307,1114.070834,1027.467616,1054.614084,1098.094838,1014.464018,987.0334144,936.6586231,1089.253683,1232.703948,790.5274011,938.7563834,807.9193036,983.0372982,1511.619163,1232.21439,1171.907016,1096.010581,1302.82627,1379.218599,1164.820787,1202.255558,1335.070033,1432.158334,910.9397678,897.4068365,852.1040361,962.3662184,991.6711035,871.1264085,852.0455108
Traffic Business,PSG ESP,Order $,PSG ESP Order $,63644.18577,80336.55905,82725.80297,176776.4121,225481.1105,160777.627,159894.1858,142413.0963,157472.0908,111439.5831,169468.3119,135093.4701,122510.7274,126888.7015,137579.4932,126033.5463,155827.2535,126458.3649,130938.0848,113369.352,143570.2951,150853.5336,137481.5779,130761.5191,128812.8522,133485.0077,134224.0045,125567.9791,124910.9811,139097.1425,148103.111,107396.0406,118532.6193,106752.7379,129154.2999,179696.4752,155118.1244,155566.9823,138030.3531,161588.2938,170188.2301,148043.835,151330.8574,162084.7805,172414.5203,116071.6936,117954.3507,109967.4323,125079.2343,122773.9888,110313.7993,107281.0521
Traffic Business,PSG ESP,LIO,PSG ESP LIO,1.220587337,1.220587337,1.220587337,1.220587337,1.220587337,1.220587337,1.220587337,1.220587337,1.220587337,1.220587337,1.220587337,1.220587337,1.220587337,1.231130318,1.231130318,1.231130318,1.231130318,1.231130318,1.231130318,1.231130318,1.231130318,1.231130318,1.231130318,1.231130318,1.231130318,1.231130318,1.253264214,1.253264214,1.253264214,1.253264214,1.253264214,1.253264214,1.253264214,1.253264214,1.253264214,1.253264214,1.253264214,1.253264214,1.253264214,1.245334346,1.245334346,1.245334346,1.245334346,1.245334346,1.245334346,1.245334346,1.245334346,1.245334346,1.245334346,1.245334346,1.245334346,1.245334346
Traffic Business,PSG ESP,ASP,PSG ESP ASP,179.4209965,182.1123348,179.2034491,150.9307903,140.3717747,154.3528094,169.7891415,166.3883556,165.4198905,172.1497492,161.2400226,168.2327679,171.3463435,141.2263471,146.7151359,144.5593875,135.9354999,144.6738685,147.9549354,149.7378905,136.9128049,152.2815199,146.3838562,150.9639655,144.8862294,144.1963016,154.1758715,148.24154,155.3968288,148.8031208,140.0000732,158.3048465,147.1322399,153.9692186,153.095259,138.5224097,146.6895367,154.6846222,146.7515578,145.4463842,144.7024745,149.0427158,147.608117,142.3697526,141.1764785,149.4225695,154.1360168,151.3390499,152.413833,145.1838298,148.5005983,147.6521491
Traffic Business,PSG ESP,Units,PSG ESP Units,428.6651961,533.097465,557.8627722,1415.400102,1941.168021,1258.762596,1138.034723,1034.331504,1150.399325,782.2865042,1270.13068,970.4128098,864.0363841,1085.775358,1133.212976,1053.592355,1385.298236,1056.307155,1069.471662,914.9486223,1267.223677,1197.12924,1134.969205,1046.741434,1074.397131,1118.693521,1052.074594,1023.627019,971.3846157,1129.637035,1278.405623,819.8356762,973.560149,837.8723719,1019.482749,1567.661434,1277.897916,1215.354686,1136.644441,1342.578597,1421.301837,1200.362239,1238.939234,1375.806194,1475.856889,938.734706,924.7888528,878.1037562,991.7302999,1021.929347,897.7065465,878.0434452
Traffic Business,PSG ESP,PM,PSG ESP PM,,,,,,,,,,,,,,,,,,,,,,,,,,,,,,,,,,,,,,,,,,,,,,,,,,,,
Traffic Business,PSG ESP,PM%,PSG ESP PM%,,,,,,,,,,,,,,,,,,,,,,,,,,,,,,,,,,,,,,,,,,,,,,,,,,,,
Deals,PSG ESP,Traffic,PSG ESP Traffic,,,,,,,,,,,,,,,,,,,,,,,,,,,,,,,,,,,,,,,,,,,,,,,,,,,,
Deals,PSG ESP,Conversion,PSG ESP Conversion,,,,,,,,,,,,,,,,,,,,,,,,,,,,,,,,,,,,,,,,,,,,,,,,,,,,
Deals,PSG ESP,AOS,PSG ESP AOS,,,,,,,,,,,,,,,,,,,,,,,,,,,,,,,,,,,,,,,,,,,,,,,,,,,,
Deals,PSG ESP,RPV/RPC,PSG ESP RPV/RPC,,,,,,,,,,,,,,,,,,,,,,,,,,,,,,,,,,,,,,,,,,,,,,,,,,,,
Deals,PSG ESP,Number of Orders,PSG ESP Number of Orders,1.533905163,1.907598195,1.996216615,5.064767432,6.946138099,4.50426688,4.072262814,3.701178564,4.116507431,2.799278595,4.544945627,3.472456437,3.091806573,3.566382556,3.722198115,3.460672936,4.550207764,3.469590079,3.512830763,3.005278009,4.162375195,3.932140113,3.727966696,3.43817012,3.529009163,3.674506915,3.512299516,3.41732868,3.242919975,3.77123793,4.267894574,2.736981262,3.250182887,2.797195887,3.403493239,5.233560935,4.266199619,4.057402109,3.794631811,4.395340081,4.653064592,3.929751504,4.056045049,4.504120744,4.831667177,3.073234064,3.027578065,2.874740178,3.246731287,3.345597067,2.938915884,2.874542731
Deals,PSG ESP,Order $,PSG ESP Order $,961.8297523,1214.095078,1250.202789,2671.552956,3407.608064,2429.769558,2416.418457,2152.233569,2379.814279,1684.142947,2561.108489,2041.614914,1851.456832,1968.226117,2134.05566,1954.96143,2417.104646,1961.550977,2031.037871,1758.521577,2226.981607,2339.955103,2132.536852,2028.299083,1998.072459,2070.544305,2058.269077,1925.532541,1915.45775,2132.996614,2271.099381,1646.87345,1817.648236,1637.008672,1980.527273,2755.570433,2378.671684,2385.554731,2116.637844,2459.824108,2590.739102,2253.639703,2303.677342,2467.382019,2624.629443,1766.934618,1795.593905,1674.01075,1904.054487,1868.962227,1679.283421,1633.116559
Deals,PSG ESP,LIO,PSG ESP LIO,,,,,,,,,,,,,,,,,,,,,,,,,,,,,,,,,,,,,,,,,,,,,,,,,,,,
Deals,PSG ESP,ASP,PSG ESP ASP,,,,,,,,,,,,,,,,,,,,,,,,,,,,,,,,,,,,,,,,,,,,,,,,,,,,
Deals,PSG ESP,Units,PSG ESP Units,5.003452557,6.222403635,6.511468482,16.520789,22.65764094,14.69248958,13.28333346,12.07289198,13.42765519,9.13098018,14.82517978,11.32682219,10.08517858,11.63320024,12.14145575,11.28838553,14.84234437,11.3174724,11.45851939,9.80293065,13.57727147,12.82626656,12.16027232,11.21498349,11.51129179,11.9858916,11.45678652,11.14700069,10.57809611,12.30141896,13.92146564,8.92777221,10.60178704,9.124186583,11.1018708,17.07137734,13.91593685,13.23485926,12.37772758,14.33718074,15.17785355,12.81847514,13.23043266,14.6920129,15.76043817,10.02459683,9.875671307,9.377128675,10.59052825,10.91301901,9.586463717,9.376484623
Deals,PSG ESP,PM,PSG ESP PM,,,,,,,,,,,,,,,,,,,,,,,,,,,,,,,,,,,,,,,,,,,,,,,,,,,,
Deals,PSG ESP,PM%,PSG ESP PM%,,,,,,,,,,,,,,,,,,,,,,,,,,,,,,,,,,,,,,,,,,,,,,,,,,,,
Traffic Business,Tablet Category,Traffic,Tablet Traffic,89819.33705,87494.71373,89169.90329,170405.8735,165436.4757,102833.0403,97756.95873,84319.94647,91414.61963,88528.30546,84621.89865,77491.10231,76915.53711,56405.53869,64432.09258,61889.20444,72224.09392,62365.58547,57339.93163,53896.79454,57595.82281,58176.81535,56738.2491,61758.79066,57658.72367,56606.32018,54107.99292,53047.77309,62109.71312,61828.02696,52417.60987,53315.2072,55136.24812,54095.63164,64825.26374,64318.27809,54076.09453,54779.81638,54175.90925,67288.18513,64305.40483,62396.90316,63241.33117,67182.09259,60439.54199,61447.59131,53885.35471,53799.7971,53146.10262,58743.93286,53457.01201,55811.99366
Traffic Business,Tablet Category,Conversion,Tablet Conversion,0.00448453,0.004729854,0.004899643,0.010412663,0.014156592,0.00915179,0.009599242,0.008118355,0.007653589,0.008823449,0.006357165,0.007518095,0.007826927,0.005489343,0.004565664,0.004734281,0.006417559,0.004454087,0.005197391,0.004289522,0.005925291,0.004832562,0.004265571,0.004387633,0.004683223,0.004996521,0.004216823,0.003702755,0.004822001,0.005834872,0.008164963,0.004247188,0.005095708,0.003820617,0.004798654,0.007878479,0.005360761,0.005293863,0.004213895,0.005883623,0.006163167,0.005473629,0.005312,0.005917016,0.007382627,0.003746017,0.003876999,0.003354282,0.004012725,0.003886291,0.003788435,0.003257724
Traffic Business,Tablet Category,AOS,Tablet AOS,185.4602516,191.7520187,185.2311889,158.9199532,147.8020211,162.5231087,168.4026192,175.1957279,174.1759994,170.8881801,180.1487873,171.9508162,175.2292016,207.8244933,215.9016317,212.7292965,200.0386399,212.8977632,217.7260838,220.3498275,201.4768129,224.0929569,215.4141304,222.154083,213.2102673,212.19499,224.3607595,215.7249651,226.1375284,216.5421921,203.7317671,230.3693518,214.1106826,224.0600327,222.7882238,201.5814325,213.4664493,225.1011068,213.5567041,210.3181466,209.2424394,215.5185081,213.4440519,205.8692806,204.1437843,216.0677836,222.883515,218.8390494,220.3932056,209.938488,214.7345963,213.5077231
Traffic Business,Tablet Category,RPV/RPC,Tablet RPV/RPC,0.688232278,0.750507276,0.751010193,1.369328009,1.731435531,1.230802666,1.337682491,1.176952101,1.103114793,1.247721447,0.947680841,1.069742685,1.134919345,0.944026856,0.815693699,0.833390572,1.062309343,0.784688047,0.936403561,0.782147893,0.987875062,0.896133924,0.760358769,0.806588093,0.826266654,0.87734434,0.782887713,0.660986613,0.902333778,1.045541066,1.376512734,0.809642757,0.902838621,0.708378192,0.884665206,1.314196059,0.9469418,0.986092322,0.744670508,1.023973826,1.067138874,0.976173878,0.938230076,1.008002255,1.247137428,0.669771964,0.715057345,0.60742348,0.731820904,0.675141263,0.673176771,0.575566022
Traffic Business,Tablet Category,Number of Orders,Tablet Number of Orders,333.3143702,342.4496894,361.5347212,1468.296025,1938.015393,778.7642089,776.5186351,566.4552402,578.9593258,646.3797867,445.157324,482.0886674,498.1642908,256.2178428,243.4296189,242.4578106,383.5475475,229.8639905,246.6094795,191.3106299,282.4021099,232.6454991,200.2720304,224.2313284,223.4483419,234.0452742,188.8052212,162.5396849,247.8301257,298.527232,354.1593365,187.3785337,232.4925296,171.0263329,257.4133151,419.3185182,239.8827284,239.9719712,188.9109594,327.605304,327.9583123,282.6217919,277.9881586,328.9451474,369.2319863,190.4766792,172.8755879,149.3301129,176.4729033,188.9146361,167.5837027,150.4558555
Traffic Business,Tablet Category,Order $,Tablet Order $,51153.12013,54338.03982,55415.51496,193089.7844,237030.8323,104734.1593,108210.143,82121.40234,83445.63263,91404.38649,66360.87632,68595.93981,72234.77462,44062.92742,43490.71926,42680.62096,63489.27234,40495.73511,44431.1418,34883.42048,47082.5803,43140.99013,35699.46725,41220.93476,39423.25665,41096.25511,35053.23852,29015.30013,46376.07448,53492.60274,59706.92349,35720.02736,41192.16185,31709.88197,47455.92963,69945.82806,42373.6478,44699.78104,33383.94141,57015.75988,56785.26589,50403.12504,49099.55997,56037.9549,62373.87481,34056.42637,31884.44522,27042.04054,32184.25635,32818.96777,29778.37867,26582.13934
Traffic Business,Tablet Category,LIO,Tablet LIO,1.405384467,1.405384467,1.405384467,1.405384467,1.405384467,1.405384467,1.405384467,1.405384467,1.405384467,1.405384467,1.405384467,1.405384467,1.405384467,1.461687703,1.461687703,1.461687703,1.461687703,1.461687703,1.461687703,1.461687703,1.461687703,1.461687703,1.461687703,1.461687703,1.461687703,1.461687703,1.461687703,1.461687703,1.461687703,1.461687703,1.461687703,1.461687703,1.461687703,1.461687703,1.461687703,1.461687703,1.461687703,1.461687703,1.461687703,1.461687703,1.461687703,1.461687703,1.461687703,1.461687703,1.461687703,1.461687703,1.461687703,1.461687703,1.461687703,1.461687703,1.461687703,1.461687703
Traffic Business,Tablet Category,ASP,Tablet ASP,159.4734718,164.8836334,159.2765055,136.6520127,127.0919307,139.7502924,144.8059631,150.6472181,149.7703745,146.9432459,154.9062524,147.856985,150.6760014,171.8204652,178.4983002,175.8755482,165.3834523,176.0148294,180.0066797,182.1758796,166.5724726,185.27054,178.0952548,183.6675615,176.2731944,175.4338063,185.4919479,178.3522398,186.960905,179.0278884,168.436773,190.4595968,177.0176196,185.2433197,184.1918422,166.6589677,176.4849948,186.1040356,176.5596136,173.8821119,172.9927628,178.1815499,176.4664776,170.2039784,168.7774114,178.6356676,184.2706249,180.9268325,182.2117428,173.5682262,177.5334449,176.5191183
Traffic Business,Tablet Category,Units,Tablet Units,387.6291541,398.2531066,420.4481135,1707.56018,2253.822021,905.6666574,903.0551593,658.7611733,673.3028449,751.7097142,517.6973222,560.6467619,579.3419664,309.9068745,294.4389491,293.2635036,463.9178145,278.0307182,298.2851318,231.3987142,341.5779099,281.3950766,242.2379265,271.217763,270.2707059,283.0881668,228.368311,196.5989768,299.7615577,361.0819622,428.3714665,226.642669,281.2100532,206.863955,311.3528515,507.1843942,290.1488273,290.2567704,228.4962059,396.2531833,396.6801625,341.843625,336.2390396,397.8737835,446.6025066,230.3900137,209.1007111,180.6214121,213.451824,228.5006531,202.6999406,181.9830478
Traffic Business,Tablet Category,PM,Tablet PM,,,,,,,,,,,,,,,,,,,,,,,,,,,,,,,,,,,,,,,,,,,,,,,,,,,,
Traffic Business,Tablet Category,PM%,Tablet PM%,,,,,,,,,,,,,,,,,,,,,,,,,,,,,,,,,,,,,,,,,,,,,,,,,,,,
Deals,Tablet Category,Traffic,Tablet Traffic,,,,,,,,,,,,,,,,,,,,,,,,,,,,,,,,,,,,,,,,,,,,,,,,,,,,
Deals,Tablet Category,Conversion,Tablet Conversion,,,,,,,,,,,,,,,,,,,,,,,,,,,,,,,,,,,,,,,,,,,,,,,,,,,,
Deals,Tablet Category,AOS,Tablet AOS,,,,,,,,,,,,,,,,,,,,,,,,,,,,,,,,,,,,,,,,,,,,,,,,,,,,
Deals,Tablet Category,RPV/RPC,Tablet RPV/RPC,,,,,,,,,,,,,,,,,,,,,,,,,,,,,,,,,,,,,,,,,,,,,,,,,,,,
Deals,Tablet Category,Number of Orders,Tablet Number of Orders,0.536336189,0.551035832,0.581745559,2.362635292,3.118460779,1.253109573,1.24949622,0.911483188,0.931603514,1.040089785,0.716302698,0.775728927,0.801596214,1.190921874,1.131481145,1.126964098,1.782760947,1.068426974,1.146261401,0.889227742,1.312628529,1.081355657,0.930881078,1.042245891,1.038606504,1.087861928,0.87819484,0.756025239,1.152738977,1.388547801,1.647310915,0.87155885,1.081398801,0.795499415,1.197313525,1.950387582,1.115773033,1.11618813,0.878686662,1.561911462,1.563594486,1.347445266,1.325353668,1.568299383,1.760373426,0.908128485,0.824212426,0.711955552,0.84136321,0.900681191,0.798982504,0.717322712
Deals,Tablet Category,Order $,Tablet Order $,12300.38422,13066.23655,13325.32843,46430.76576,56996.92029,25184.59084,26020.43301,19747.08091,20065.50804,21979.28632,15957.27248,16494.72044,17369.72212,23942.50905,23631.58783,23191.40406,34498.21804,22004.20084,24142.586,18954.63283,25583.30032,23441.55523,19398.04883,22398.25317,21421.44734,22330.50588,18748.63731,15519.17487,24804.78942,28611.14835,31934.95096,19105.27717,22032.11273,16960.40369,25382.36266,37411.34961,22664.04439,23908.20415,17855.79409,31839.38785,31710.67278,28146.68524,27418.73363,31293.35089,34831.52721,19018.1762,17805.27384,15101.12325,17972.69777,18327.14052,16629.18025,14844.3
Deals,Tablet Category,LIO,Tablet LIO,,,,,,,,,,,,,,,,,,,,,,,,,,,,,,,,,,,,,,,,,,,,,,,,,,,,
Deals,Tablet Category,ASP,Tablet ASP,,,,,,,,,,,,,,,,,,,,,,,,,,,,,,,,,,,,,,,,,,,,,,,,,,,,
Deals,Tablet Category,Units,Tablet Units,75.74717256,77.82321446,82.16037279,333.6767997,440.4226146,176.9776289,176.4673123,128.7294718,131.5710809,146.8926804,101.1639811,109.5567931,113.2100499,168.1948124,159.7999524,159.1620065,251.7806999,150.8947634,161.8873794,125.5863181,185.3835368,152.7206913,131.4690507,147.1971889,146.6831955,153.639577,124.0281328,106.7740261,162.8022124,196.105674,232.6509877,123.0909268,152.7267845,112.3489943,169.0975102,275.4547385,157.5814837,157.6401082,124.0975932,220.5899572,220.827652,190.3007314,187.180718,221.4921282,248.6188931,128.2556845,116.4041549,100.5500302,118.8263734,127.2038974,112.8409136,101.3080385
Deals,Tablet Category,PM,Tablet PM,,,,,,,,,,,,,,,,,,,,,,,,,,,,,,,,,,,,,,,,,,,,,,,,,,,,
Deals,Tablet Category,PM%,Tablet PM%,,,,,,,,,,,,,,,,,,,,,,,,,,,,,,,,,,,,,,,,,,,,,,,,,,,,
Traffic Business,PSG Accy,Traffic,PSG Other Traffic,0,0,0,0,0,0,0,0,0,0,0,0,0,0,0,0,0,0,0,0,0,0,0,0,0,0,0,0,0,0,0,0,0,0,0,0,0,0,0,0,0,0,0,0,0,0,0,0,0,0,0,0
Traffic Business,PSG Accy,Conversion,PSG Other Conversion,0,0,0,0,0,0,0,0,0,0,0,0,0,0,0,0,0,0,0,0,0,0,0,0,0,0,0,0,0,0,0,0,0,0,0,0,0,0,0,0,0,0,0,0,0,0,0,0,0,0,0,0
Traffic Business,PSG Accy,AOS,PSG Other AOS,310.2969538,299.3524737,313.3057774,304.5137956,336.3266827,394.2317588,385.4119727,485.6699547,323.0551831,383.0207499,445.9655771,400.6689118,397.8285616,400.5005308,355.8899482,283.0652528,205.7585947,423.3207453,428.9979253,391.3385011,314.6184461,545.0219199,488.6821784,507.1718661,434.2624561,362.9966491,378.7228395,364.1455462,381.7220403,365.5250323,343.9009277,388.8653935,361.4206239,378.2152102,376.0683862,340.2711449,360.3331526,379.972552,360.4855035,428.3255267,346.8987238,374.5060159,397.4741945,331.5810941,302.3815795,390.257328,389.8904995,343.0183667,347.5420318,390.6101144,363.7902673,373.3726108
Traffic Business,PSG Accy,RPV/RPC,PSG Other RPV/RPC,0,0,0,0,0,0,0,0,0,0,0,0,0,0,0,0,0,0,0,0,0,0,0,0,0,0,0,0,0,0,0,0,0,0,0,0,0,0,0,0,0,0,0,0,0,0,0,0,0,0,0,0
Traffic Business,PSG Accy,Number of Orders,PSG Other Number of Orders,68.2524047,80.73921777,87.87807249,295.7453969,341.069536,136.7997465,154.2121446,93.4531568,147.3977602,96.34848616,113.9324735,110.2037609,105.9056165,31.90076222,35.43330621,43.71947889,89.46912159,27.73770621,30.0305365,25.84623535,43.39172176,22.95128195,21.18195509,23.56641334,26.32273563,32.82694304,38.66459549,40.9092891,42.75995207,55.47515305,77.93464572,41.25379244,61.11678591,41.10926608,48.98307243,98.77133362,63.97343578,57.56652429,52.11714344,62.32156589,76.63909349,63.01095519,57.83437675,79.12430617,96.57501642,40.8568994,38.28720024,36.90961223,43.35643258,39.33678213,38.32369454,33.33226848
Traffic Business,PSG Accy,Order $,PSG Other Order $,17525.18922,20000.21366,22783.27606,74523.32317,94923.00985,44627.66319,49182.54806,37558.0002,39403.50402,30537.56778,42045.16978,36538.38173,34864.40026,10572.34684,10435.05267,10240.67975,15233.45468,9716.443786,10660.69527,8369.839275,11296.87468,10351.13955,8565.639464,9890.446348,9459.116029,9860.531029,12117.19827,12327.19261,13506.77585,16779.6493,22178.44838,13274.87441,18278.50554,12866.07149,15243.33855,27811.42786,19075.28975,18100.45453,15546.60824,22089.1783,21999.87979,19527.29594,19022.26572,21710.35483,24165.03165,13194.21991,12352.74593,10476.69024,12468.89945,12714.80083,11536.80872,10298.51425
Traffic Business,PSG Accy,LIO,PSG Other LIO,1.380632377,1.380632377,1.380632377,1.380632377,1.380632377,1.380632377,1.380632377,1.380632377,1.380632377,1.380632377,1.380632377,1.380632377,1.380632377,1.54813537,1.54813537,1.54813537,1.54813537,1.54813537,1.54813537,1.54813537,1.54813537,1.54813537,1.54813537,1.54813537,1.54813537,1.54813537,1.54813537,1.54813537,1.54813537,1.54813537,1.54813537,1.54813537,1.54813537,1.54813537,1.54813537,1.54813537,1.54813537,1.54813537,1.54813537,1.54813537,1.54813537,1.54813537,1.54813537,1.54813537,1.54813537,1.54813537,1.54813537,1.54813537,1.54813537,1.54813537,1.54813537,1.54813537
Traffic Business,PSG Accy,ASP,PSG Other ASP,271.6015299,262.0218757,274.2351397,266.5395575,294.3852347,345.0692877,337.3493686,425.1047299,282.7687507,335.2563419,390.3516664,350.7036988,348.2175531,312.627312,277.8046702,220.9583317,160.6134111,330.4405776,334.8721361,305.4755095,245.5884863,425.4394806,381.461157,395.8940501,338.9815841,283.3521006,295.6278312,284.2489199,297.9689819,285.325735,268.4461427,303.5450227,282.1218687,295.2315801,293.5557875,265.6127651,281.2729979,296.6033461,281.3919216,334.3472674,270.7861969,292.3362145,310.2649796,258.8293852,236.0364922,304.6315549,304.3452117,267.757223,271.2883576,304.906937,283.9715922,291.4514882
Traffic Business,PSG Accy,Units,PSG Other Units,77.97641374,92.24223934,100.398176,337.880629,389.6621573,156.2897847,176.1829498,106.7675498,168.3977112,110.0753805,130.1645815,125.9046343,120.9941277,40.86742173,45.39289242,56.00814077,114.6170834,35.53421481,38.47151336,33.11108973,55.58825773,29.40242343,27.13577456,30.19045582,33.72152459,42.05393326,49.53243182,52.40806344,54.77891035,71.06809734,99.84049947,52.8493997,78.29547918,52.66424991,62.75122408,126.5339592,81.95507559,73.74731077,66.7662191,79.83889845,98.18079369,80.72206116,74.09045115,101.3645494,123.7203016,52.34094805,49.04895839,47.28415824,55.54304949,50.39355653,49.0957105,42.70129545
Traffic Business,PSG Accy,PM,PSG Other PM,,,,,,,,,,,,,,,,,,,,,,,,,,,,,,,,,,,,,,,,,,,,,,,,,,,,
Traffic Business,PSG Accy,PM%,PSG Other PM%,,,,,,,,,,,,,,,,,,,,,,,,,,,,,,,,,,,,,,,,,,,,,,,,,,,,
Deals,PSG Accy,Traffic,PSG Other Traffic,,,,,,,,,,,,,,,,,,,,,,,,,,,,,,,,,,,,,,,,,,,,,,,,,,,,
Deals,PSG Accy,Conversion,PSG Other Conversion,,,,,,,,,,,,,,,,,,,,,,,,,,,,,,,,,,,,,,,,,,,,,,,,,,,,
Deals,PSG Accy,AOS,PSG Other AOS,,,,,,,,,,,,,,,,,,,,,,,,,,,,,,,,,,,,,,,,,,,,,,,,,,,,
Deals,PSG Accy,RPV/RPC,PSG Other RPV/RPC,,,,,,,,,,,,,,,,,,,,,,,,,,,,,,,,,,,,,,,,,,,,,,,,,,,,
Deals,PSG Accy,Number of Orders,PSG Other Number of Orders,0.126646463,0.1498165,0.163063076,0.548773463,0.632875143,0.2538402,0.286149957,0.173407982,0.273505455,0.178780441,0.211408592,0.204489741,0.196514274,0.238654376,0.265081866,0.327071963,0.669331886,0.207509931,0.224662937,0.193359554,0.324619963,0.171701974,0.158465376,0.176303864,0.196924324,0.245583273,0.182382831,0.192971163,0.201700832,0.261679071,0.367621622,0.194596202,0.288290936,0.193914464,0.231055602,0.465909321,0.301765896,0.271544174,0.245839172,0.300106881,0.369052334,0.303426607,0.278499011,0.381019771,0.465052933,0.196744682,0.184370404,0.177736686,0.208781079,0.189424621,0.18454614,0.160510138
Deals,PSG Accy,Order $,PSG Other Order $,2802.11302,3197.846164,3642.831681,11915.57886,15177.297,7135.543846,7863.827121,6005.171189,6300.249902,4882.670037,6722.627425,5842.14378,5574.489878,6835.784171,6747.013594,6621.337488,9849.526309,6282.381159,6892.907793,5411.704295,7304.243635,6692.757715,5538.303228,6394.886355,6116.000219,6375.543946,4859.161161,4943.371744,5416.400653,6728.86738,8893.859174,5323.405026,7329.929099,5159.469499,6112.785894,11152.76049,7649.450397,7258.528226,6234.401162,9090.408318,9053.659102,8036.111211,7828.275012,8934.510256,9944.68883,5429.846453,5083.552805,4311.495468,5131.353722,5232.550057,4747.768367,4238.170307
Deals,PSG Accy,LIO,PSG Other LIO,,,,,,,,,,,,,,,,,,,,,,,,,,,,,,,,,,,,,,,,,,,,,,,,,,,,
Deals,PSG Accy,ASP,PSG Other ASP,,,,,,,,,,,,,,,,,,,,,,,,,,,,,,,,,,,,,,,,,,,,,,,,,,,,
Deals,PSG Accy,Units,PSG Other Units,11.39818167,13.48348496,14.67567685,49.38961167,56.95876288,22.84561798,25.75349613,15.60671839,24.61549094,16.09023967,19.02677331,18.40407665,17.68628465,21.4788938,23.8573679,29.4364767,60.23986973,18.67589375,20.21966433,17.40235987,29.21579668,15.4531777,14.2618838,15.8673478,17.72318915,22.10249455,16.41445476,17.36740464,18.15307492,23.55111642,33.08594594,17.51365819,25.94618422,17.45230177,20.79500422,41.93183885,27.15893065,24.43897567,22.12552549,27.00961932,33.21471004,27.30839459,25.06491095,34.29177938,41.85476394,17.70702138,16.59333632,15.99630178,18.7902971,17.0482159,16.60915263,14.44591242
Deals,PSG Accy,PM,PSG Other PM,,,,,,,,,,,,,,,,,,,,,,,,,,,,,,,,,,,,,,,,,,,,,,,,,,,,
Deals,PSG Accy,PM%,PSG Other PM%,,,,,,,,,,,,,,,,,,,,,,,,,,,,,,,,,,,,,,,,,,,,,,,,,,,,
